time,waypoint_index,distance_error,angle_error
1780398890.2951334,0,3.605551275463989,0.5880026035475675
1780398890.394961,0,3.605551275463989,0.5880026035475675
1780398890.4950855,0,3.605551275463989,0.5880026035475675
1780398890.595019,0,3.605551275463989,0.5880026035475675
1780398890.6950939,0,3.605551275463989,0.5880026035475675
1780398890.7950418,0,3.605551275463989,0.5880026035475675
1780398890.8950727,0,3.605551275463989,0.5880026035475675
1780398890.9950562,0,3.605551275463989,0.5880026035475675
1780398891.0952048,0,3.605551275463989,0.5880026035475675
1780398891.1950743,0,3.605551275463989,0.5880026035475675
1780398891.2950635,0,3.605551275463989,0.5880026035475675
1780398891.3950815,0,3.605551275463989,0.5880026035475675
1780398891.4954772,0,3.605551275463989,0.5880026035475675
1780398891.595103,0,3.605551275463989,0.5880026035475675
1780398891.6965318,0,3.605551275463989,0.5880026035475675
1780398891.7950866,0,3.605551275463989,0.5880026035475675
1780398891.8950849,0,3.605551275463989,0.5880026035475675
1780398891.9950728,0,3.605551275463989,0.5880026035475675
1780398892.0961168,0,3.605551275463989,0.5880026035475675
1780398892.1951196,0,3.605551275463989,0.5880026035475675
1780398892.2958016,0,3.605551275463989,0.5880026035475675
1780398892.3957133,0,3.605551275463989,0.5880026035475675
1780398892.49508,0,3.605551275463989,0.5880026035475675
1780398892.595041,0,3.605551275463989,0.5880026035475675
1780398892.695049,0,3.605551275463989,0.5880026035475675
1780398892.7951121,0,3.605551275463989,0.5880026035475675
1780398892.8952413,0,3.605551275463989,0.5880026035475675
1780398892.9950933,0,3.605551275463989,0.5880026035475675
1780398893.09502,0,3.605551275463989,0.5880026035475675
1780398893.195005,0,3.605551275463989,0.5880026035475675
1780398893.2950637,0,3.605551275463989,0.5880026035475675
1780398893.3951995,0,3.605551275463989,0.5880026035475675
1780398893.495784,0,3.605551275463989,0.5880026035475675
1780398893.5951142,0,3.605551275463989,0.5880026035475675
1780398893.6950932,0,3.605551275463989,0.5880026035475675
1780398893.7950137,0,3.605551275463989,0.5880026035475675
1780398893.895104,0,3.605551275463989,0.5880026035475675
1780398893.9950888,0,3.605551275463989,0.5880026035475675
1780398894.0951345,0,3.605551275463989,0.5880026035475675
1780398894.1956415,0,3.605551275463989,0.5880026035475675
1780398894.2951221,0,3.605551275463989,0.5880026035475675
1780398894.3951633,0,3.605551275463989,0.5880026035475675
1780398894.4950287,0,3.605551275463989,0.5880026035475675
1780398894.595108,0,3.605551275463989,0.5880026035475675
1780398894.695049,0,3.605551275463989,0.5880026035475675
1780398894.7950537,0,3.605551275463989,0.5880026035475675
1780398894.8951092,0,3.605551275463989,0.5880026035475675
1780398894.9950736,0,3.605551275463989,0.5880026035475675
1780398895.0950387,0,3.605551275463989,0.5880026035475675
1780398895.1950817,0,3.605551275463989,0.5880026035475675
1780398895.2954237,0,3.605551275463989,0.5880026035475675
1780398895.3950534,0,3.605551275463989,0.5880026035475675
1780398895.495065,0,3.605551275463989,0.5880026035475675
1780398895.5951035,0,3.605551275463989,0.5880026035475675
1780398895.695051,0,3.605551275463989,0.5880026035475675
1780398895.7952197,0,3.605551275463989,0.5880026035475675
1780398895.8950386,0,3.605551275463989,0.5880026035475675
1780398895.9950342,0,3.605551275463989,0.5880026035475675
1780398896.0950503,0,3.605551275463989,0.5880026035475675
1780398896.1953404,0,3.605551275463989,0.5880026035475675
1780398896.2950044,0,3.605551275463989,0.5880026035475675
1780398896.3950195,0,3.605551275463989,0.5880026035475675
1780398896.4949956,0,3.605551275463989,0.5880026035475675
1780398896.5950582,0,3.605551275463989,0.5880026035475675
1780398896.695082,0,3.605551275463989,0.5880026035475675
1780398896.7950063,0,3.605551275463989,0.5880026035475675
1780398896.8950582,0,3.605551275463989,0.5880026035475675
1780398896.9950793,0,3.605551275463989,0.5880026035475675
1780398897.0955677,0,3.605551275463989,0.5880026035475675
1780398897.1951168,0,3.605551275463989,0.5880026035475675
1780398897.295055,0,3.605551275463989,0.5880026035475675
1780398897.395036,0,3.605551275463989,0.5880026035475675
1780398897.4950352,0,3.605551275463989,0.5880026035475675
1780398897.5951152,0,3.605551275463989,0.5880026035475675
1780398897.695096,0,3.605551275463989,0.5880026035475675
1780398897.7950718,0,3.605551275463989,0.5880026035475675
1780398897.8950794,0,3.605551275463989,0.5880026035475675
1780398897.9952476,0,3.605551275463989,0.5880026035475675
1780398898.0951035,0,3.605551275463989,0.5880026035475675
1780398898.1950161,0,3.605551275463989,0.5880026035475675
1780398898.2950766,0,3.605551275463989,0.5880026035475675
1780398898.3950253,0,3.605551275463989,0.5880026035475675
1780398898.4951456,0,3.605551275463989,0.5880026035475675
1780398898.5951092,0,3.605551275463989,0.5880026035475675
1780398898.69501,0,3.605551275463989,0.5880026035475675
1780398898.7950068,0,3.605551275463989,0.5880026035475675
1780398898.8950825,0,3.605551275463989,0.5880026035475675
1780398898.9950726,0,3.605551275463989,0.5880026035475675
1780398899.0950882,0,3.605551275463989,0.5880026035475675
1780398899.1950722,0,3.605551275463989,0.5880026035475675
1780398899.2950308,0,3.605551275463989,0.5880026035475675
1780398899.3950021,0,3.605551275463989,0.5880026035475675
1780398899.4950633,0,3.605551275463989,0.5880026035475675
1780398899.595066,0,3.605551275463989,0.5880026035475675
1780398899.6950603,0,3.605551275463989,0.5880026035475675
1780398899.7950325,0,3.605551275463989,0.5880026035475675
1780398899.8950052,0,3.605551275463989,0.5880026035475675
1780398899.9950676,0,3.605551275463989,0.5880026035475675
1780398900.095048,0,3.605551275463989,0.5880026035475675
1780398900.1950746,0,3.605551275463989,0.5880026035475675
1780398900.2950253,0,3.605551275463989,0.5880026035475675
1780398900.3950515,0,3.605551275463989,0.5880026035475675
1780398900.4950848,0,3.605551275463989,0.5880026035475675
1780398900.5950096,0,3.605551275463989,0.5880026035475675
1780398900.6960304,0,3.605551275463989,0.5880026035475675
1780398900.7950711,0,3.605551275463989,0.5880026035475675
1780398900.895072,0,3.605551275463989,0.5880026035475675
1780398900.995057,0,3.605551275463989,0.5880026035475675
1780398901.09501,0,3.605551275463989,0.5880026035475675
1780398901.1950998,0,3.605551275463989,0.5880026035475675
1780398901.2952545,0,3.605551275463989,0.5880026035475675
1780398901.3951144,0,3.605551275463989,0.5880026035475675
1780398901.495094,0,3.605551275463989,0.5880026035475675
1780398901.5950866,0,3.605551275463989,0.5880026035475675
1780398901.6951141,0,3.605551275463989,0.5880026035475675
1780398901.7950828,0,3.605551275463989,0.5880026035475675
1780398901.8950865,0,3.605551275463989,0.5880026035475675
1780398901.9950604,0,3.605551275463989,0.5880026035475675
1780398902.0951266,0,3.605551275463989,0.5880026035475675
1780398902.195057,0,3.605551275463989,0.5880026035475675
1780398902.295084,0,3.605551275463989,0.5880026035475675
1780398902.3952737,0,3.605551275463989,0.5880026035475675
1780398902.4950829,0,3.605551275463989,0.5880026035475675
1780398902.5950897,0,3.605551275463989,0.5880026035475675
1780398902.695104,0,3.605551275463989,0.5880026035475675
1780398902.7951272,0,3.605551275463989,0.5880026035475675
1780398902.895087,0,3.605551275463989,0.5880026035475675
1780398902.9950397,0,3.605551275463989,0.5880026035475675
1780398903.0950418,0,3.605551275463989,0.5880026035475675
1780398903.1951065,0,3.605551275463989,0.5880026035475675
1780398903.2950423,0,3.605551275463989,0.5880026035475675
1780398903.3949876,0,3.605551275463989,0.5880026035475675
1780398903.4950588,0,3.605551275463989,0.5880026035475675
1780398903.5951047,0,3.605551275463989,0.5880026035475675
1780398903.6960876,0,3.605551275463989,0.5880026035475675
1780398903.795919,0,3.605551275463989,0.5880026035475675
1780398903.8951907,0,3.605551275463989,0.5880026035475675
1780398903.9950397,0,3.605551275463989,0.5880026035475675
1780398904.0950544,0,3.605551275463989,0.5880026035475675
1780398904.1953876,0,3.605551275463989,0.5880026035475675
1780398904.2950382,0,3.605551275463989,0.5880026035475675
1780398904.3960326,0,3.605551275463989,0.5880026035475675
1780398904.495129,0,3.605551275463989,0.5880026035475675
1780398904.5953667,0,3.605551275463989,0.5880026035475675
1780398904.6960769,0,3.605551275463989,0.5880026035475675
1780398904.795046,0,3.605551275463989,0.5880026035475675
1780398904.895028,0,3.605551275463989,0.5880026035475675
1780398904.9951072,0,3.605551275463989,0.5880026035475675
1780398905.0950654,0,3.605551275463989,0.5880026035475675
1780398905.1950917,0,3.605551275463989,0.5880026035475675
1780398905.295102,0,3.605551275463989,0.5880026035475675
1780398905.3951108,0,3.605551275463989,0.5880026035475675
1780398905.4950595,0,3.605551275463989,0.5880026035475675
1780398905.5950563,0,3.605551275463989,0.5880026035475675
1780398905.6951518,0,3.605551275463989,0.5880026035475675
1780398905.795074,0,3.605551275463989,0.5880026035475675
1780398905.8952549,0,3.605551275463989,0.5880026035475675
1780398905.9951475,0,3.605551275463989,0.5880026035475675
1780398906.0953257,0,3.605551275463989,0.5880026035475675
1780398906.1951218,0,3.605551275463989,0.5880026035475675
1780398906.2956922,0,3.605551275463989,0.5880026035475675
1780398906.3950884,0,3.605551275463989,0.5880026035475675
1780398906.495106,0,3.605551275463989,0.5880026035475675
1780398906.5950477,0,3.605551275463989,0.5880026035475675
1780398906.6950262,0,3.605551275463989,0.5880026035475675
1780398906.7950945,0,3.605551275463989,0.5880026035475675
1780398906.8952034,0,3.605551275463989,0.5880026035475675
1780398906.9951205,0,3.605551275463989,0.5880026035475675
1780398907.0950017,0,3.605551275463989,0.5880026035475675
1780398907.1956325,0,3.605551275463989,0.5880026035475675
1780398907.2950675,0,3.605551275463989,0.5880026035475675
1780398907.395112,0,3.605551275463989,0.5880026035475675
1780398907.4950936,0,3.605551275463989,0.5880026035475675
1780398907.5951169,0,3.605551275463989,0.5880026035475675
1780398907.695053,0,3.605551275463989,0.5880026035475675
1780398907.7950847,0,3.605551275463989,0.5880026035475675
1780398907.8950744,0,3.605551275463989,0.5880026035475675
1780398907.9950967,0,3.605551275463989,0.5880026035475675
1780398908.0950773,0,3.605551275463989,0.5880026035475675
1780398908.1950932,0,3.605551275463989,0.5880026035475675
1780398908.295083,0,3.605551275463989,0.5880026035475675
1780398908.395108,0,3.605551275463989,0.5880026035475675
1780398908.495042,0,3.605551275463989,0.5880026035475675
1780398908.5950837,0,3.605551275463989,0.5880026035475675
1780398908.6950226,0,3.605551275463989,0.5880026035475675
1780398908.7950542,0,3.605551275463989,0.5880026035475675
1780398908.8951507,0,3.605551275463989,0.5880026035475675
1780398908.9950294,0,3.605551275463989,0.5880026035475675
1780398909.0949886,0,3.605551275463989,0.5880026035475675
1780398909.1951082,0,3.605551275463989,0.5880026035475675
1780398909.2950184,0,3.605551275463989,0.5880026035475675
1780398909.3950167,0,3.605551275463989,0.5880026035475675
1780398909.4950418,0,3.605551275463989,0.5880026035475675
1780398909.5952523,0,3.605551275463989,0.5880026035475675
1780398909.695027,0,3.605551275463989,0.5880026035475675
1780398909.7949824,0,3.605551275463989,0.5880026035475675
1780398909.8950202,0,3.605551275463989,0.5880026035475675
1780398909.9951167,0,3.605551275463989,0.5880026035475675
1780398910.0953777,0,3.605551275463989,0.5880026035475675
1780398910.1950073,0,3.605551275463989,0.5880026035475675
1780398910.2950072,0,3.605551275463989,0.5880026035475675
1780398910.3954995,0,3.605551275463989,0.5880026035475675
1780398910.4950104,0,3.605551275463989,0.5880026035475675
1780398910.5949948,0,3.605551275463989,0.5880026035475675
1780398910.6951783,0,3.605551275463989,0.5880026035475675
1780398910.795005,0,3.605551275463989,0.5880026035475675
1780398910.894972,0,3.605551275463989,0.5880026035475675
1780398910.9950285,0,3.605551275463989,0.5880026035475675
1780398911.095022,0,3.605551275463989,0.5880026035475675
1780398911.1950386,0,3.605551275463989,0.5880026035475675
1780398911.2950659,0,3.605551275463989,0.5880026035475675
1780398911.3950846,0,3.605551275463989,0.5880026035475675
1780398911.4950519,0,3.605551275463989,0.5880026035475675
1780398911.595037,0,3.605551275463989,0.5880026035475675
1780398911.6950145,0,3.605551275463989,0.5880026035475675
1780398911.79509,0,3.605551275463989,0.5880026035475675
1780398911.8950286,0,3.605551275463989,0.5880026035475675
1780398911.9950256,0,3.605551275463989,0.5880026035475675
1780398912.0950794,0,3.605551275463989,0.5880026035475675
1780398912.1951258,0,3.605551275463989,0.5880026035475675
1780398912.2950063,0,3.605551275463989,0.5880026035475675
1780398912.395109,0,3.605551275463989,0.5880026035475675
1780398912.4951286,0,3.605551275463989,0.5880026035475675
1780398912.595024,0,3.605551275463989,0.5880026035475675
1780398912.6950674,0,3.605551275463989,0.5880026035475675
1780398912.795055,0,3.605551275463989,0.5880026035475675
1780398912.8950477,0,3.605551275463989,0.5880026035475675
1780398912.9950743,0,3.605551275463989,0.5880026035475675
1780398913.095059,0,3.605551275463989,0.5880026035475675
1780398913.1950681,0,3.605551275463989,0.5880026035475675
1780398913.295106,0,3.605551275463989,0.5880026035475675
1780398913.395274,0,3.605551275463989,0.5880026035475675
1780398913.495081,0,3.605551275463989,0.5880026035475675
1780398913.5950398,0,3.605551275463989,0.5880026035475675
1780398913.6956427,0,3.605551275463989,0.5880026035475675
1780398913.7950823,0,3.605551275463989,0.5880026035475675
1780398913.8951042,0,3.605551275463989,0.5880026035475675
1780398913.9950817,0,3.605551275463989,0.5880026035475675
1780398914.09505,0,3.605551275463989,0.5880026035475675
1780398914.1950986,0,3.605551275463989,0.5880026035475675
1780398914.295017,0,3.605551275463989,0.5880026035475675
1780398914.3950415,0,3.605551275463989,0.5880026035475675
1780398914.4950736,0,3.605551275463989,0.5880026035475675
1780398914.5950396,0,3.605551275463989,0.5880026035475675
1780398914.695088,0,3.605551275463989,0.5880026035475675
1780398914.7950706,0,3.605551275463989,0.5880026035475675
1780398914.8951037,0,3.605551275463989,0.5880026035475675
1780398914.9950824,0,3.605551275463989,0.5880026035475675
1780398915.095074,0,3.605551275463989,0.5880026035475675
1780398915.1952424,0,3.605551275463989,0.5880026035475675
1780398915.295072,0,3.605551275463989,0.5880026035475675
1780398915.3950667,0,3.605551275463989,0.5880026035475675
1780398915.495031,0,3.605551275463989,0.5880026035475675
1780398915.5955403,0,3.605551275463989,0.5880026035475675
1780398915.6950881,0,3.605551275463989,0.5880026035475675
1780398915.795082,0,3.605551275463989,0.5880026035475675
1780398915.8950775,0,3.605551275463989,0.5880026035475675
1780398915.9950778,0,3.605551275463989,0.5880026035475675
1780398916.096221,0,3.605551275463989,0.5880026035475675
1780398916.1950302,0,3.605551275463989,0.5880026035475675
1780398916.2951057,0,3.605551275463989,0.5880026035475675
1780398916.3951898,0,3.605551275463989,0.5880026035475675
1780398916.4950793,0,3.605551275463989,0.5880026035475675
1780398916.595042,0,3.605551275463989,0.5880026035475675
1780398916.6951048,0,3.605551275463989,0.5880026035475675
1780398916.7950811,0,3.605551275463989,0.5880026035475675
1780398916.8952978,0,3.605551275463989,0.5880026035475675
1780398916.9954188,0,3.605551275463989,0.5880026035475675
1780398917.0950458,0,3.605551275463989,0.5880026035475675
1780398917.1950917,0,3.605551275463989,0.5880026035475675
1780398917.2950501,0,3.605551275463989,0.5880026035475675
1780398917.3950455,0,3.605551275463989,0.5880026035475675
1780398917.4961467,0,3.605551275463989,0.5880026035475675
1780398917.5950544,0,3.605551275463989,0.5880026035475675
1780398917.6950793,0,3.605551275463989,0.5880026035475675
1780398917.795419,0,3.605551275463989,0.5880026035475675
1780398917.896192,0,3.605551275463989,0.5880026035475675
1780398917.9956205,0,3.605551275463989,0.5880026035475675
1780398918.0955038,0,3.605551275463989,0.5880026035475675
1780398918.195081,0,3.605551275463989,0.5880026035475675
1780398918.2951078,0,3.605551275463989,0.5880026035475675
1780398918.3951192,0,3.605551275463989,0.5880026035475675
1780398918.4949813,0,3.605551275463989,0.5880026035475675
1780398918.5950918,0,3.605551275463989,0.5880026035475675
1780398918.6950746,0,3.605551275463989,0.5880026035475675
1780398918.7951043,0,3.605551275463989,0.5880026035475675
1780398918.8950644,0,3.605551275463989,0.5880026035475675
1780398918.9949963,0,3.605551275463989,0.5880026035475675
1780398919.0952551,0,3.605551275463989,0.5880026035475675
1780398919.1950467,0,3.605551275463989,0.5880026035475675
1780398919.2950354,0,3.605551275463989,0.5880026035475675
1780398919.395048,0,3.605551275463989,0.5880026035475675
1780398919.4951475,0,3.605551275463989,0.5880026035475675
1780398919.5950868,0,3.605551275463989,0.5880026035475675
1780398919.6949315,0,3.605551275463989,0.5880026035475675
1780398919.7950563,0,3.605551275463989,0.5880026035475675
1780398919.895028,0,3.605551275463989,0.5880026035475675
1780398919.9950976,0,3.605551275463989,0.5880026035475675
1780398920.0950885,0,3.605551275463989,0.5880026035475675
1780398920.195044,0,3.605551275463989,0.5880026035475675
1780398920.295093,0,3.605551275463989,0.5880026035475675
1780398920.3956316,0,3.605551275463989,0.5880026035475675
1780398920.49559,0,3.605551275463989,0.5880026035475675
1780398920.595004,0,3.605551275463989,0.5880026035475675
1780398920.6950629,0,3.605551275463989,0.5880026035475675
1780398920.7950394,0,3.605551275463989,0.5880026035475675
1780398920.8952084,0,3.605551275463989,0.5880026035475675
1780398920.9950318,0,3.605551275463989,0.5880026035475675
1780398921.0956583,0,3.605551275463989,0.5880026035475675
1780398921.195035,0,3.605551275463989,0.5880026035475675
1780398921.2951167,0,3.605551275463989,0.5880026035475675
1780398921.3951292,0,3.605551275463989,0.5880026035475675
1780398921.4950554,0,3.605551275463989,0.5880026035475675
1780398921.5950518,0,3.605551275463989,0.5880026035475675
1780398921.6952455,0,3.605551275463989,0.5880026035475675
1780398921.7950974,0,3.605551275463989,0.5880026035475675
1780398921.8950377,0,3.605551275463989,0.5880026035475675
1780398921.9950883,0,3.605551275463989,0.5880026035475675
1780398922.0950909,0,3.605551275463989,0.5880026035475675
1780398922.1950388,0,3.605551275463989,0.5880026035475675
1780398922.295089,0,3.605551275463989,0.5880026035475675
1780398922.395186,0,3.605551275463989,0.5880026035475675
1780398922.495139,0,3.605551275463989,0.5880026035475675
1780398922.594962,0,3.605551275463989,0.5880026035475675
1780398922.6950638,0,3.605551275463989,0.5880026035475675
1780398922.7950907,0,3.605551275463989,0.5880026035475675
1780398922.895029,0,3.605551275463989,0.5880026035475675
1780398922.9951136,0,3.605551275463989,0.5880026035475675
1780398923.0950654,0,3.605551275463989,0.5880026035475675
1780398923.1950905,0,3.605551275463989,0.5880026035475675
1780398923.2950404,0,3.605551275463989,0.5880026035475675
1780398923.3951223,0,3.605551275463989,0.5880026035475675
1780398923.4950716,0,3.605551275463989,0.5880026035475675
1780398923.595065,0,3.605551275463989,0.5880026035475675
1780398923.6949987,0,3.605551275463989,0.5880026035475675
1780398923.7950926,0,3.605551275463989,0.5880026035475675
1780398923.895056,0,3.605551275463989,0.5880026035475675
1780398923.9951477,0,3.605551275463989,0.5880026035475675
1780398924.0955465,0,3.605551275463989,0.5880026035475675
1780398924.195916,0,3.605551275463989,0.5880026035475675
1780398924.2950764,0,3.605551275463989,0.5880026035475675
1780398924.395079,0,3.605551275463989,0.5880026035475675
1780398924.495007,0,3.605551275463989,0.5880026035475675
1780398924.595063,0,3.605551275463989,0.5880026035475675
1780398924.6951866,0,3.605551275463989,0.5880026035475675
1780398924.795049,0,3.605551275463989,0.5880026035475675
1780398924.8951201,0,3.605551275463989,0.5880026035475675
1780398924.9952028,0,3.605551275463989,0.5880026035475675
1780398925.0950017,0,3.605551275463989,0.5880026035475675
1780398925.195087,0,3.605551275463989,0.5880026035475675
1780398925.2957075,0,3.605551275463989,0.5880026035475675
1780398925.3958561,0,3.605551275463989,0.5880026035475675
1780398925.495628,0,3.605551275463989,0.5880026035475675
1780398925.5956438,0,3.605551275463989,0.5880026035475675
1780398925.6950781,0,3.605551275463989,0.5880026035475675
1780398925.795086,0,3.605551275463989,0.5880026035475675
1780398925.8950465,0,3.605551275463989,0.5880026035475675
1780398925.9950886,0,3.605551275463989,0.5880026035475675
1780398926.0950837,0,3.605551275463989,0.5880026035475675
1780398926.1951084,0,3.605551275463989,0.5880026035475675
1780398926.295095,0,3.605551275463989,0.5880026035475675
1780398926.395082,0,3.605551275463989,0.5880026035475675
1780398926.4951131,0,3.605551275463989,0.5880026035475675
1780398926.5950491,0,3.605551275463989,0.5880026035475675
1780398926.695037,0,3.605551275463989,0.5880026035475675
1780398926.7949922,0,3.605551275463989,0.5880026035475675
1780398926.8962684,0,3.605551275463989,0.5880026035475675
1780398926.9950507,0,3.605551275463989,0.5880026035475675
1780398927.09512,0,3.605551275463989,0.5880026035475675
1780398927.195084,0,3.605551275463989,0.5880026035475675
1780398927.2950609,0,3.605551275463989,0.5880026035475675
1780398927.3950815,0,3.605551275463989,0.5880026035475675
1780398927.4950788,0,3.605551275463989,0.5880026035475675
1780398927.5950956,0,3.605551275463989,0.5880026035475675
1780398927.695086,0,3.605551275463989,0.5880026035475675
1780398927.7950516,0,3.605551275463989,0.5880026035475675
1780398927.895984,0,3.605551275463989,0.5880026035475675
1780398927.9950645,0,3.605551275463989,0.5880026035475675
1780398928.095056,0,3.605551275463989,0.5880026035475675
1780398928.1950397,0,3.605551275463989,0.5880026035475675
1780398928.2949593,0,3.605551275463989,0.5880026035475675
1780398928.395092,0,3.605551275463989,0.5880026035475675
1780398928.4950876,0,3.605551275463989,0.5880026035475675
1780398928.5950427,0,3.605551275463989,0.5880026035475675
1780398928.6949701,0,3.605551275463989,0.5880026035475675
1780398928.7951417,0,3.605551275463989,0.5880026035475675
1780398928.8952775,0,3.605551275463989,0.5880026035475675
1780398928.9950657,0,3.605551275463989,0.5880026035475675
1780398929.0951185,0,3.605551275463989,0.5880026035475675
1780398929.1953897,0,3.605551275463989,0.5880026035475675
1780398929.2957203,0,3.605551275463989,0.5880026035475675
1780398929.3952003,0,3.605551275463989,0.5880026035475675
1780398929.495239,0,3.605551275463989,0.5880026035475675
1780398929.5950904,0,3.605551275463989,0.5880026035475675
1780398929.6951308,0,3.605551275463989,0.5880026035475675
1780398929.7950323,0,3.605551275463989,0.5880026035475675
1780398929.8950865,0,3.605551275463989,0.5880026035475675
1780398929.9950588,0,3.605551275463989,0.5880026035475675
1780398930.0950062,0,3.605551275463989,0.5880026035475675
1780398930.1950853,0,3.605551275463989,0.5880026035475675
1780398930.2950308,0,3.605551275463989,0.5880026035475675
1780398930.39535,0,3.605551275463989,0.5880026035475675
1780398930.495119,0,3.605551275463989,0.5880026035475675
1780398930.5952199,0,3.605551275463989,0.5880026035475675
1780398930.6950817,0,3.605551275463989,0.5880026035475675
1780398930.795298,0,3.605551275463989,0.5880026035475675
1780398930.8960092,0,3.605551275463989,0.5880026035475675
1780398930.9953494,0,3.605551275463989,0.5880026035475675
1780398931.096042,0,3.605551275463989,0.5880026035475675
1780398931.195493,0,3.605551275463989,0.5880026035475675
1780398931.2949076,0,3.605551275463989,0.5880026035475675
1780398931.3950818,0,3.605551275463989,0.5880026035475675
1780398931.4950354,0,3.605551275463989,0.5880026035475675
1780398931.5950675,0,3.605551275463989,0.5880026035475675
1780398931.6950626,0,3.605551275463989,0.5880026035475675
1780398931.7949762,0,3.605551275463989,0.5880026035475675
1780398931.8950782,0,3.605551275463989,0.5880026035475675
1780398931.9961479,0,3.605551275463989,0.5880026035475675
1780398932.0951326,0,3.605551275463989,0.5880026035475675
1780398932.1954193,0,3.605551275463989,0.5880026035475675
1780398932.2956297,0,3.605551275463989,0.5880026035475675
1780398932.3955507,0,3.605551275463989,0.5880026035475675
1780398932.4951313,0,3.605551275463989,0.5880026035475675
1780398932.5950649,0,3.605551275463989,0.5880026035475675
1780398932.6950727,0,3.605551275463989,0.5880026035475675
1780398932.7951386,0,3.605551275463989,0.5880026035475675
1780398932.8950477,0,3.605551275463989,0.5880026035475675
1780398932.995009,0,3.605551275463989,0.5880026035475675
1780398933.0951064,0,3.605551275463989,0.5880026035475675
1780398933.195005,0,3.605551275463989,0.5880026035475675
1780398933.295355,0,3.605551275463989,0.5880026035475675
1780398933.3950148,0,3.605551275463989,0.5880026035475675
1780398933.4950182,0,3.605551275463989,0.5880026035475675
1780398933.5950599,0,3.605551275463989,0.5880026035475675
1780398933.6951442,0,3.605551275463989,0.5880026035475675
1780398933.795076,0,3.605551275463989,0.5880026035475675
1780398933.8950367,0,3.605551275463989,0.5880026035475675
1780398933.9950342,0,3.605551275463989,0.5880026035475675
1780398934.0950713,0,3.605551275463989,0.5880026035475675
1780398934.195086,0,3.605551275463989,0.5880026035475675
1780398934.2951112,0,3.605551275463989,0.5880026035475675
1780398934.3954148,0,3.605551275463989,0.5880026035475675
1780398934.4952528,0,3.605551275463989,0.5880026035475675
1780398934.595069,0,3.605551275463989,0.5880026035475675
1780398934.6950946,0,3.605551275463989,0.5880026035475675
1780398934.7950823,0,3.605551275463989,0.5880026035475675
1780398934.8953812,0,3.605551275463989,0.5880026035475675
1780398934.9951844,0,3.605551275463989,0.5880026035475675
1780398935.0954747,0,3.605551275463989,0.5880026035475675
1780398935.195213,0,3.605551275463989,0.5880026035475675
1780398935.2950873,0,3.605551275463989,0.5880026035475675
1780398935.3956466,0,3.605551275463989,0.5880026035475675
1780398935.4951115,0,3.605551275463989,0.5880026035475675
1780398935.5950708,0,3.605551275463989,0.5880026035475675
1780398935.6950853,0,3.605551275463989,0.5880026035475675
1780398935.7951136,0,3.605551275463989,0.5880026035475675
1780398935.8950984,0,3.605551275463989,0.5880026035475675
1780398935.9950676,0,3.605551275463989,0.5880026035475675
1780398936.095146,0,3.605551275463989,0.5880026035475675
1780398936.1949909,0,3.605551275463989,0.5880026035475675
1780398936.2951133,0,3.605551275463989,0.5880026035475675
1780398936.395042,0,3.605551275463989,0.5880026035475675
1780398936.4951236,0,3.605551275463989,0.5880026035475675
1780398936.5950654,0,3.605551275463989,0.5880026035475675
1780398936.6956568,0,3.605551275463989,0.5880026035475675
1780398936.7963166,0,3.605551275463989,0.5880026035475675
1780398936.8950405,0,3.605551275463989,0.5880026035475675
1780398936.995068,0,3.605551275463989,0.5880026035475675
1780398937.0950694,0,3.605551275463989,0.5880026035475675
1780398937.1950772,0,3.605551275463989,0.5880026035475675
1780398937.295085,0,3.605551275463989,0.5880026035475675
1780398937.3951154,0,3.605551275463989,0.5880026035475675
1780398937.495072,0,3.605551275463989,0.5880026035475675
1780398937.5951264,0,3.605551275463989,0.5880026035475675
1780398937.6950479,0,3.605551275463989,0.5880026035475675
1780398937.7951024,0,3.605551275463989,0.5880026035475675
1780398937.8953383,0,3.605551275463989,0.5880026035475675
1780398937.9950461,0,3.605551275463989,0.5880026035475675
1780398938.0951052,0,3.605551275463989,0.5880026035475675
1780398938.1950877,0,3.605551275463989,0.5880026035475675
1780398938.2950647,0,3.605551275463989,0.5880026035475675
1780398938.395083,0,3.605551275463989,0.5880026035475675
1780398938.4951468,0,3.605551275463989,0.5880026035475675
1780398938.5951,0,3.605551275463989,0.5880026035475675
1780398938.6950734,0,3.605551275463989,0.5880026035475675
1780398938.7950344,0,3.605551275463989,0.5880026035475675
1780398938.8950644,0,3.605551275463989,0.5880026035475675
1780398938.994988,0,3.605551275463989,0.5880026035475675
1780398939.0950582,0,3.605551275463989,0.5880026035475675
1780398939.195037,0,3.605551275463989,0.5880026035475675
1780398939.295078,0,3.605551275463989,0.5880026035475675
1780398939.395088,0,3.605551275463989,0.5880026035475675
1780398939.4951808,0,3.605551275463989,0.5880026035475675
1780398939.5952702,0,3.605551275463989,0.5880026035475675
1780398939.6950803,0,3.605551275463989,0.5880026035475675
1780398939.795064,0,3.605551275463989,0.5880026035475675
1780398939.8950553,0,3.605551275463989,0.5880026035475675
1780398939.9950287,0,3.605551275463989,0.5880026035475675
1780398940.0950367,0,3.605551275463989,0.5880026035475675
1780398940.1950858,0,3.605551275463989,0.5880026035475675
1780398940.2951057,0,3.605551275463989,0.5880026035475675
1780398940.3950686,0,3.605551275463989,0.5880026035475675
1780398940.4950805,0,3.605551275463989,0.5880026035475675
1780398940.5950747,0,3.605551275463989,0.5880026035475675
1780398940.6950808,0,3.605551275463989,0.5880026035475675
1780398940.7950904,0,3.605551275463989,0.5880026035475675
1780398940.8950086,0,3.605551275463989,0.5880026035475675
1780398940.9951096,0,3.605551275463989,0.5880026035475675
1780398941.0950682,0,3.605551275463989,0.5880026035475675
1780398941.1963823,0,3.605551275463989,0.5880026035475675
1780398941.2950828,0,3.605551275463989,0.5880026035475675
1780398941.395942,0,3.605551275463989,0.5880026035475675
1780398941.4950604,0,3.605551275463989,0.5880026035475675
1780398941.5951452,0,3.605551275463989,0.5880026035475675
1780398941.695112,0,3.605551275463989,0.5880026035475675
1780398941.795086,0,3.605551275463989,0.5880026035475675
1780398941.8949945,0,3.605551275463989,0.5880026035475675
1780398941.9952288,0,3.605551275463989,0.5880026035475675
1780398942.0950866,0,3.605551275463989,0.5880026035475675
1780398942.195087,0,3.605551275463989,0.5880026035475675
1780398942.2950797,0,3.605551275463989,0.5880026035475675
1780398942.3950813,0,3.605551275463989,0.5880026035475675
1780398942.4950185,0,3.605551275463989,0.5880026035475675
1780398942.595035,0,3.605551275463989,0.5880026035475675
1780398942.6950846,0,3.605551275463989,0.5880026035475675
1780398942.7950559,0,3.605551275463989,0.5880026035475675
1780398942.8950694,0,3.605551275463989,0.5880026035475675
1780398942.9950123,0,3.605551275463989,0.5880026035475675
1780398943.0950446,0,3.605551275463989,0.5880026035475675
1780398943.1950262,0,3.605551275463989,0.5880026035475675
1780398943.2950432,0,3.605551275463989,0.5880026035475675
1780398943.395071,0,3.605551275463989,0.5880026035475675
1780398943.4950767,0,3.605551275463989,0.5880026035475675
1780398943.59505,0,3.605551275463989,0.5880026035475675
1780398943.6951654,0,3.605551275463989,0.5880026035475675
1780398943.7950282,0,3.605551275463989,0.5880026035475675
1780398943.8951135,0,3.605551275463989,0.5880026035475675
1780398943.9952135,0,3.605551275463989,0.5880026035475675
1780398944.09506,0,3.605551275463989,0.5880026035475675
1780398944.1950595,0,3.605551275463989,0.5880026035475675
1780398944.295058,0,3.605551275463989,0.5880026035475675
1780398944.3950849,0,3.605551275463989,0.5880026035475675
1780398944.495019,0,3.605551275463989,0.5880026035475675
1780398944.5956254,0,3.605551275463989,0.5880026035475675
1780398944.6951218,0,3.605551275463989,0.5880026035475675
1780398944.795143,0,3.605551275463989,0.5880026035475675
1780398944.8950675,0,3.605551275463989,0.5880026035475675
1780398944.995485,0,3.605551275463989,0.5880026035475675
1780398945.0950885,0,3.605551275463989,0.5880026035475675
1780398945.1950653,0,3.605551275463989,0.5880026035475675
1780398945.2951255,0,3.605551275463989,0.5880026035475675
1780398945.3950806,0,3.605551275463989,0.5880026035475675
1780398945.4950778,0,3.605551275463989,0.5880026035475675
1780398945.5950816,0,3.605551275463989,0.5880026035475675
1780398945.6951165,0,3.605551275463989,0.5880026035475675
1780398945.7950084,0,3.605551275463989,0.5880026035475675
1780398945.8950684,0,3.605551275463989,0.5880026035475675
1780398945.995054,0,3.605551275463989,0.5880026035475675
1780398946.095039,0,3.605551275463989,0.5880026035475675
1780398946.195092,0,3.605551275463989,0.5880026035475675
1780398946.2950978,0,3.605551275463989,0.5880026035475675
1780398946.3951106,0,3.605551275463989,0.5880026035475675
1780398946.4950805,0,3.605551275463989,0.5880026035475675
1780398946.5957675,0,3.605551275463989,0.5880026035475675
1780398946.6950948,0,3.605551275463989,0.5880026035475675
1780398946.7950318,0,3.605551275463989,0.5880026035475675
1780398946.8950138,0,3.605551275463989,0.5880026035475675
1780398946.9950936,0,3.605551275463989,0.5880026035475675
1780398947.095019,0,3.605551275463989,0.5880026035475675
1780398947.1951392,0,3.605551275463989,0.5880026035475675
1780398947.2950728,0,3.605551275463989,0.5880026035475675
1780398947.3951352,0,3.605551275463989,0.5880026035475675
1780398947.495113,0,3.605551275463989,0.5880026035475675
1780398947.5961049,0,3.605551275463989,0.5880026035475675
1780398947.695046,0,3.605551275463989,0.5880026035475675
1780398947.7950327,0,3.605551275463989,0.5880026035475675
1780398947.8950832,0,3.605551275463989,0.5880026035475675
1780398947.9961557,0,3.605551275463989,0.5880026035475675
1780398948.096517,0,3.605551275463989,0.5880026035475675
1780398948.1950598,0,3.605551275463989,0.5880026035475675
1780398948.2950447,0,3.605551275463989,0.5880026035475675
1780398948.3951886,0,3.605551275463989,0.5880026035475675
1780398948.4951043,0,3.605551275463989,0.5880026035475675
1780398948.5957935,0,3.605551275463989,0.5880026035475675
1780398948.6950934,0,3.605551275463989,0.5880026035475675
1780398948.7950451,0,3.605551275463989,0.5880026035475675
1780398948.8951254,0,3.605551275463989,0.5880026035475675
1780398948.9951591,0,3.605551275463989,0.5880026035475675
1780398949.095094,0,3.605551275463989,0.5880026035475675
1780398949.1951022,0,3.605551275463989,0.5880026035475675
1780398949.295091,0,3.605551275463989,0.5880026035475675
1780398949.3950505,0,3.605551275463989,0.5880026035475675
1780398949.4950974,0,3.605551275463989,0.5880026035475675
1780398949.5953667,0,3.605551275463989,0.5880026035475675
1780398949.6950872,0,3.605551275463989,0.5880026035475675
1780398949.7950294,0,3.605551275463989,0.5880026035475675
1780398949.8950782,0,3.605551275463989,0.5880026035475675
1780398949.9950376,0,3.605551275463989,0.5880026035475675
1780398950.0961185,0,3.605551275463989,0.5880026035475675
1780398950.195344,0,3.605551275463989,0.5880026035475675
1780398950.2950835,0,3.605551275463989,0.5880026035475675
1780398950.395037,0,3.605551275463989,0.5880026035475675
1780398950.4950862,0,3.605551275463989,0.5880026035475675
1780398950.5950546,0,3.605551275463989,0.5880026035475675
1780398950.6950426,0,3.605551275463989,0.5880026035475675
1780398950.7951229,0,3.605551275463989,0.5880026035475675
1780398950.8950863,0,3.605551275463989,0.5880026035475675
1780398950.9956632,0,3.605551275463989,0.5880026035475675
1780398951.095134,0,3.605551275463989,0.5880026035475675
1780398951.195098,0,3.605551275463989,0.5880026035475675
1780398951.2950199,0,3.605551275463989,0.5880026035475675
1780398951.3951063,0,3.605551275463989,0.5880026035475675
1780398951.4951842,0,3.605551275463989,0.5880026035475675
1780398951.5950909,0,3.605551275463989,0.5880026035475675
1780398951.695173,0,3.605551275463989,0.5880026035475675
1780398951.7950735,0,3.605551275463989,0.5880026035475675
1780398951.895028,0,3.605551275463989,0.5880026035475675
1780398951.9950824,0,3.605551275463989,0.5880026035475675
1780398952.0952485,0,3.605551275463989,0.5880026035475675
1780398952.1950858,0,3.605551275463989,0.5880026035475675
1780398952.295026,0,3.605551275463989,0.5880026035475675
1780398952.395066,0,3.605551275463989,0.5880026035475675
1780398952.4950433,0,3.605551275463989,0.5880026035475675
1780398952.5950558,0,3.605551275463989,0.5880026035475675
1780398952.6950827,0,3.605551275463989,0.5880026035475675
1780398952.7950397,0,3.605551275463989,0.5880026035475675
1780398952.895087,0,3.605551275463989,0.5880026035475675
1780398952.995115,0,3.605551275463989,0.5880026035475675
1780398953.0955284,0,3.605551275463989,0.5880026035475675
1780398953.1951861,0,3.605551275463989,0.5880026035475675
1780398953.2951179,0,3.605551275463989,0.5880026035475675
1780398953.3955085,0,3.605551275463989,0.5880026035475675
1780398953.4950993,0,3.605551275463989,0.5880026035475675
1780398953.595067,0,3.605551275463989,0.5880026035475675
1780398953.6950393,0,3.605551275463989,0.5880026035475675
1780398953.7960632,0,3.605551275463989,0.5880026035475675
1780398953.8950884,0,3.605551275463989,0.5880026035475675
1780398953.9950242,0,3.605551275463989,0.5880026035475675
1780398954.095034,0,3.605551275463989,0.5880026035475675
1780398954.195088,0,3.605551275463989,0.5880026035475675
1780398954.295108,0,3.605551275463989,0.5880026035475675
1780398954.39505,0,3.605551275463989,0.5880026035475675
1780398954.4950635,0,3.605551275463989,0.5880026035475675
1780398954.5951245,0,3.605551275463989,0.5880026035475675
1780398954.695049,0,3.605551275463989,0.5880026035475675
1780398954.7951105,0,3.605551275463989,0.5880026035475675
1780398954.895078,0,3.605551275463989,0.5880026035475675
1780398954.9950192,0,3.605551275463989,0.5880026035475675
1780398955.0950773,0,3.605551275463989,0.5880026035475675
1780398955.1956515,0,3.605551275463989,0.5880026035475675
1780398955.2955503,0,3.605551275463989,0.5880026035475675
1780398955.3957126,0,3.605551275463989,0.5880026035475675
1780398955.4950593,0,3.605551275463989,0.5880026035475675
1780398955.5950377,0,3.605551275463989,0.5880026035475675
1780398955.695074,0,3.605551275463989,0.5880026035475675
1780398955.7951398,0,3.605551275463989,0.5880026035475675
1780398955.8950608,0,3.605551275463989,0.5880026035475675
1780398955.996397,0,3.605551275463989,0.5880026035475675
1780398956.0951002,0,3.605551275463989,0.5880026035475675
1780398956.1955879,0,3.605551275463989,0.5880026035475675
1780398956.2951725,0,3.605551275463989,0.5880026035475675
1780398956.3950303,0,3.605551275463989,0.5880026035475675
1780398956.4957702,0,3.605551275463989,0.5880026035475675
1780398956.5950372,0,3.605551275463989,0.5880026035475675
1780398956.6955962,0,3.605551275463989,0.5880026035475675
1780398956.7959418,0,3.605551275463989,0.5880026035475675
1780398956.895083,0,3.605551275463989,0.5880026035475675
1780398956.9951062,0,3.605551275463989,0.5880026035475675
1780398957.095084,0,3.605551275463989,0.5880026035475675
1780398957.1950827,0,3.605551275463989,0.5880026035475675
1780398957.295041,0,3.605551275463989,0.5880026035475675
1780398957.3951242,0,3.605551275463989,0.5880026035475675
1780398957.4950879,0,3.605551275463989,0.5880026035475675
1780398957.5950844,0,3.605551275463989,0.5880026035475675
1780398957.6951118,0,3.605551275463989,0.5880026035475675
1780398957.79542,0,3.605551275463989,0.5880026035475675
1780398957.8956273,0,3.605551275463989,0.5880026035475675
1780398957.9954777,0,3.605551275463989,0.5880026035475675
1780398958.0963192,0,3.605551275463989,0.5880026035475675
1780398958.195049,0,3.605551275463989,0.5880026035475675
1780398958.295027,0,3.605551275463989,0.5880026035475675
1780398958.3962736,0,3.605551275463989,0.5880026035475675
1780398958.495043,0,3.605551275463989,0.5880026035475675
1780398958.5951514,0,3.605551275463989,0.5880026035475675
1780398958.695037,0,3.605551275463989,0.5880026035475675
1780398958.7950237,0,3.605551275463989,0.5880026035475675
1780398958.8950858,0,3.605551275463989,0.5880026035475675
1780398958.9950435,0,3.605551275463989,0.5880026035475675
1780398959.0957189,0,3.605551275463989,0.5880026035475675
1780398959.195026,0,3.605551275463989,0.5880026035475675
1780398959.295008,0,3.605551275463989,0.5880026035475675
1780398959.3950927,0,3.605551275463989,0.5880026035475675
1780398959.49511,0,3.605551275463989,0.5880026035475675
1780398959.5953808,0,3.605551275463989,0.5880026035475675
1780398959.695108,0,3.605551275463989,0.5880026035475675
1780398959.7950222,0,3.605551275463989,0.5880026035475675
1780398959.8950467,0,3.605551275463989,0.5880026035475675
1780398959.9950137,0,3.605551275463989,0.5880026035475675
1780398960.0953538,0,3.605551275463989,0.5880026035475675
1780398960.195086,0,3.605551275463989,0.5880026035475675
1780398960.2950935,0,3.605551275463989,0.5880026035475675
1780398960.3950725,0,3.605551275463989,0.5880026035475675
1780398960.4950001,0,3.605551275463989,0.5880026035475675
1780398960.5950224,0,3.605551275463989,0.5880026035475675
1780398960.6950183,0,3.605551275463989,0.5880026035475675
1780398960.7950594,0,3.605551275463989,0.5880026035475675
1780398960.895022,0,3.605551275463989,0.5880026035475675
1780398960.9950104,0,3.605551275463989,0.5880026035475675
1780398961.09504,0,3.605551275463989,0.5880026035475675
1780398961.1950629,0,3.605551275463989,0.5880026035475675
1780398961.295079,0,3.605551275463989,0.5880026035475675
1780398961.3951006,0,3.605551275463989,0.5880026035475675
1780398961.4950984,0,3.605551275463989,0.5880026035475675
1780398961.595151,0,3.605551275463989,0.5880026035475675
1780398961.6950908,0,3.605551275463989,0.5880026035475675
1780398961.7950475,0,3.605551275463989,0.5880026035475675
1780398961.895126,0,3.605551275463989,0.5880026035475675
1780398961.995147,0,3.605551275463989,0.5880026035475675
1780398962.095141,0,3.605551275463989,0.5880026035475675
1780398962.1951816,0,3.605551275463989,0.5880026035475675
1780398962.2950766,0,3.605551275463989,0.5880026035475675
1780398962.395097,0,3.605551275463989,0.5880026035475675
1780398962.4951007,0,3.605551275463989,0.5880026035475675
1780398962.5950196,0,3.605551275463989,0.5880026035475675
1780398962.6950884,0,3.605551275463989,0.5880026035475675
1780398962.7950873,0,3.605551275463989,0.5880026035475675
1780398962.8950548,0,3.605551275463989,0.5880026035475675
1780398962.9950814,0,3.605551275463989,0.5880026035475675
1780398963.09505,0,3.605551275463989,0.5880026035475675
1780398963.195106,0,3.605551275463989,0.5880026035475675
1780398963.2950172,0,3.605551275463989,0.5880026035475675
1780398963.395102,0,3.605551275463989,0.5880026035475675
1780398963.4951024,0,3.605551275463989,0.5880026035475675
1780398963.5950615,0,3.605551275463989,0.5880026035475675
1780398963.6950982,0,3.605551275463989,0.5880026035475675
1780398963.795067,0,3.605551275463989,0.5880026035475675
1780398963.8951895,0,3.605551275463989,0.5880026035475675
1780398963.9950585,0,3.605551275463989,0.5880026035475675
1780398964.0951886,0,3.605551275463989,0.5880026035475675
1780398964.19507,0,3.605551275463989,0.5880026035475675
1780398964.2951448,0,3.605551275463989,0.5880026035475675
1780398964.3950777,0,3.605551275463989,0.5880026035475675
1780398964.4950712,0,3.605551275463989,0.5880026035475675
1780398964.595225,0,3.605551275463989,0.5880026035475675
1780398964.6950815,0,3.605551275463989,0.5880026035475675
1780398964.7952049,0,3.605551275463989,0.5880026035475675
1780398964.895113,0,3.605551275463989,0.5880026035475675
1780398964.9951184,0,3.605551275463989,0.5880026035475675
1780398965.0952106,0,3.605551275463989,0.5880026035475675
1780398965.1952138,0,3.605551275463989,0.5880026035475675
1780398965.2950375,0,3.605551275463989,0.5880026035475675
1780398965.39506,0,3.605551275463989,0.5880026035475675
1780398965.495053,0,3.605551275463989,0.5880026035475675
1780398965.5950377,0,3.605551275463989,0.5880026035475675
1780398965.6950595,0,3.605551275463989,0.5880026035475675
1780398965.7950451,0,3.605551275463989,0.5880026035475675
1780398965.8951073,0,3.605551275463989,0.5880026035475675
1780398965.995017,0,3.605551275463989,0.5880026035475675
1780398966.0950716,0,3.605551275463989,0.5880026035475675
1780398966.195067,0,3.605551275463989,0.5880026035475675
1780398966.2950454,0,3.605551275463989,0.5880026035475675
1780398966.3951006,0,3.605551275463989,0.5880026035475675
1780398966.4950452,0,3.605551275463989,0.5880026035475675
1780398966.5950685,0,3.605551275463989,0.5880026035475675
1780398966.6950514,0,3.605551275463989,0.5880026035475675
1780398966.7950318,0,3.605551275463989,0.5880026035475675
1780398966.8950613,0,3.605551275463989,0.5880026035475675
1780398966.995055,0,3.605551275463989,0.5880026035475675
1780398967.0950491,0,3.605551275463989,0.5880026035475675
1780398967.1950514,0,3.605551275463989,0.5880026035475675
1780398967.2951276,0,3.605551275463989,0.5880026035475675
1780398967.39501,0,3.605551275463989,0.5880026035475675
1780398967.4950378,0,3.605551275463989,0.5880026035475675
1780398967.595077,0,3.605551275463989,0.5880026035475675
1780398967.6950772,0,3.605551275463989,0.5880026035475675
1780398967.7951372,0,3.605551275463989,0.5880026035475675
1780398967.8950481,0,3.605551275463989,0.5880026035475675
1780398967.9950783,0,3.605551275463989,0.5880026035475675
1780398968.0950286,0,3.605551275463989,0.5880026035475675
1780398968.1951473,0,3.605551275463989,0.5880026035475675
1780398968.2951415,0,3.605551275463989,0.5880026035475675
1780398968.395101,0,3.605551275463989,0.5880026035475675
1780398968.4950407,0,3.605551275463989,0.5880026035475675
1780398968.5950003,0,3.605551275463989,0.5880026035475675
1780398968.6950653,0,3.605551275463989,0.5880026035475675
1780398968.7951093,0,3.605551275463989,0.5880026035475675
1780398968.8950994,0,3.605551275463989,0.5880026035475675
1780398968.9951239,0,3.605551275463989,0.5880026035475675
1780398969.0950675,0,3.605551275463989,0.5880026035475675
1780398969.1950321,0,3.605551275463989,0.5880026035475675
1780398969.2950325,0,3.605551275463989,0.5880026035475675
1780398969.3950403,0,3.605551275463989,0.5880026035475675
1780398969.495066,0,3.605551275463989,0.5880026035475675
1780398969.5950065,0,3.605551275463989,0.5880026035475675
1780398969.6950912,0,3.605551275463989,0.5880026035475675
1780398969.795147,0,3.605551275463989,0.5880026035475675
1780398969.895017,0,3.605551275463989,0.5880026035475675
1780398969.995218,0,3.605551275463989,0.5880026035475675
1780398970.0950093,0,3.605551275463989,0.5880026035475675
1780398970.1950612,0,3.605551275463989,0.5880026035475675
1780398970.2950535,0,3.605551275463989,0.5880026035475675
1780398970.395051,0,3.605551275463989,0.5880026035475675
1780398970.4950702,0,3.605551275463989,0.5880026035475675
1780398970.5951371,0,3.605551275463989,0.5880026035475675
1780398970.6950178,0,3.605551275463989,0.5880026035475675
1780398970.7950618,0,3.605551275463989,0.5880026035475675
1780398970.8950505,0,3.605551275463989,0.5880026035475675
1780398970.995098,0,3.605551275463989,0.5880026035475675
1780398971.0951157,0,3.605551275463989,0.5880026035475675
1780398971.1950078,0,3.605551275463989,0.5880026035475675
1780398971.2951286,0,3.605551275463989,0.5880026035475675
1780398971.3950574,0,3.605551275463989,0.5880026035475675
1780398971.4950554,0,3.605551275463989,0.5880026035475675
1780398971.595119,0,3.605551275463989,0.5880026035475675
1780398971.6950943,0,3.605551275463989,0.5880026035475675
1780398971.7950325,0,3.605551275463989,0.5880026035475675
1780398971.8950706,0,3.605551275463989,0.5880026035475675
1780398971.9951313,0,3.605551275463989,0.5880026035475675
1780398972.0950575,0,3.605551275463989,0.5880026035475675
1780398972.1950672,0,3.605551275463989,0.5880026035475675
1780398972.2950625,0,3.605551275463989,0.5880026035475675
1780398972.395068,0,3.605551275463989,0.5880026035475675
1780398972.4950383,0,3.605551275463989,0.5880026035475675
1780398972.5950675,0,3.605551275463989,0.5880026035475675
1780398972.6952674,0,3.605551275463989,0.5880026035475675
1780398972.7950149,0,3.605551275463989,0.5880026035475675
1780398972.8950725,0,3.605551275463989,0.5880026035475675
1780398972.9951618,0,3.605551275463989,0.5880026035475675
1780398973.095086,0,3.605551275463989,0.5880026035475675
1780398973.1951365,0,3.605551275463989,0.5880026035475675
1780398973.2950165,0,3.605551275463989,0.5880026035475675
1780398973.3951159,0,3.605551275463989,0.5880026035475675
1780398973.4951677,0,3.605551275463989,0.5880026035475675
1780398973.5949976,0,3.605551275463989,0.5880026035475675
1780398973.695063,0,3.605551275463989,0.5880026035475675
1780398973.7950044,0,3.605551275463989,0.5880026035475675
1780398973.8950257,0,3.605551275463989,0.5880026035475675
1780398973.9951348,0,3.605551275463989,0.5880026035475675
1780398974.0950737,0,3.605551275463989,0.5880026035475675
1780398974.1950788,0,3.605551275463989,0.5880026035475675
1780398974.295071,0,3.605551275463989,0.5880026035475675
1780398974.3950496,0,3.605551275463989,0.5880026035475675
1780398974.4950366,0,3.605551275463989,0.5880026035475675
1780398974.5951002,0,3.605551275463989,0.5880026035475675
1780398974.6951082,0,3.605551275463989,0.5880026035475675
1780398974.7951229,0,3.605551275463989,0.5880026035475675
1780398974.8951583,0,3.605551275463989,0.5880026035475675
1780398974.996235,0,3.605551275463989,0.5880026035475675
1780398975.0951474,0,3.605551275463989,0.5880026035475675
1780398975.1950135,0,3.605551275463989,0.5880026035475675
1780398975.2950883,0,3.605551275463989,0.5880026035475675
1780398975.3952618,0,3.605551275463989,0.5880026035475675
1780398975.495135,0,3.605551275463989,0.5880026035475675
1780398975.5964394,0,3.605551275463989,0.5880026035475675
1780398975.6950378,0,3.605551275463989,0.5880026035475675
1780398975.795013,0,3.605551275463989,0.5880026035475675
1780398975.895263,0,3.605551275463989,0.5880026035475675
1780398975.9954448,0,3.605551275463989,0.5880026035475675
1780398976.0950866,0,3.605551275463989,0.5880026035475675
1780398976.1950784,0,3.605551275463989,0.5880026035475675
1780398976.2950914,0,3.605551275463989,0.5880026035475675
1780398976.3950799,0,3.605551275463989,0.5880026035475675
1780398976.495066,0,3.605551275463989,0.5880026035475675
1780398976.5951917,0,3.605551275463989,0.5880026035475675
1780398976.6951334,0,3.605551275463989,0.5880026035475675
1780398976.7950425,0,3.605551275463989,0.5880026035475675
1780398976.8950858,0,3.605551275463989,0.5880026035475675
1780398976.9951131,0,3.605551275463989,0.5880026035475675
1780398977.0951712,0,3.605551275463989,0.5880026035475675
1780398977.1950746,0,3.605551275463989,0.5880026035475675
1780398977.2951057,0,3.605551275463989,0.5880026035475675
1780398977.395016,0,3.605551275463989,0.5880026035475675
1780398977.495054,0,3.605551275463989,0.5880026035475675
1780398977.595107,0,3.605551275463989,0.5880026035475675
1780398977.6950886,0,3.605551275463989,0.5880026035475675
1780398977.7950501,0,3.605551275463989,0.5880026035475675
1780398977.895063,0,3.605551275463989,0.5880026035475675
1780398977.9950917,0,3.605551275463989,0.5880026035475675
1780398978.0950973,0,3.605551275463989,0.5880026035475675
1780398978.1951733,0,3.605551275463989,0.5880026035475675
1780398978.2950475,0,3.605551275463989,0.5880026035475675
1780398978.3950846,0,3.605551275463989,0.5880026035475675
1780398978.4951024,0,3.605551275463989,0.5880026035475675
1780398978.5950449,0,3.605551275463989,0.5880026035475675
1780398978.6950324,0,3.605551275463989,0.5880026035475675
1780398978.7950985,0,3.605551275463989,0.5880026035475675
1780398978.895109,0,3.605551275463989,0.5880026035475675
1780398978.9953895,0,3.605551275463989,0.5880026035475675
1780398979.0951133,0,3.605551275463989,0.5880026035475675
1780398979.1950567,0,3.605551275463989,0.5880026035475675
1780398979.295106,0,3.605551275463989,0.5880026035475675
1780398979.3956153,0,3.605551275463989,0.5880026035475675
1780398979.495037,0,3.605551275463989,0.5880026035475675
1780398979.595085,0,3.605551275463989,0.5880026035475675
1780398979.695021,0,3.605551275463989,0.5880026035475675
1780398979.7950695,0,3.605551275463989,0.5880026035475675
1780398979.8956356,0,3.605551275463989,0.5880026035475675
1780398979.995062,0,3.605551275463989,0.5880026035475675
1780398980.0951161,0,3.605551275463989,0.5880026035475675
1780398980.1950908,0,3.605551275463989,0.5880026035475675
1780398980.295188,0,3.605551275463989,0.5880026035475675
1780398980.3950996,0,3.605551275463989,0.5880026035475675
1780398980.4950922,0,3.605551275463989,0.5880026035475675
1780398980.5953605,0,3.605551275463989,0.5880026035475675
1780398980.6953807,0,3.605551275463989,0.5880026035475675
1780398980.7950518,0,3.605551275463989,0.5880026035475675
1780398980.8950906,0,3.605551275463989,0.5880026035475675
1780398980.9950905,0,3.605551275463989,0.5880026035475675
1780398981.0950005,0,3.605551275463989,0.5880026035475675
1780398981.1951118,0,3.605551275463989,0.5880026035475675
1780398981.295017,0,3.605551275463989,0.5880026035475675
1780398981.3953118,0,3.605551275463989,0.5880026035475675
1780398981.4952426,0,3.605551275463989,0.5880026035475675
1780398981.5956545,0,3.605551275463989,0.5880026035475675
1780398981.6950982,0,3.605551275463989,0.5880026035475675
1780398981.795052,0,3.605551275463989,0.5880026035475675
1780398981.895107,0,3.605551275463989,0.5880026035475675
1780398981.9950676,0,3.605551275463989,0.5880026035475675
1780398982.0950844,0,3.605551275463989,0.5880026035475675
1780398982.1950908,0,3.605551275463989,0.5880026035475675
1780398982.2950778,0,3.605551275463989,0.5880026035475675
1780398982.395165,0,3.605551275463989,0.5880026035475675
1780398982.4951522,0,3.605551275463989,0.5880026035475675
1780398982.5950704,0,3.605551275463989,0.5880026035475675
1780398982.695159,0,3.605551275463989,0.5880026035475675
1780398982.7950916,0,3.605551275463989,0.5880026035475675
1780398982.895095,0,3.605551275463989,0.5880026035475675
1780398982.9952674,0,3.605551275463989,0.5880026035475675
1780398983.0954502,0,3.605551275463989,0.5880026035475675
1780398983.195335,0,3.605551275463989,0.5880026035475675
1780398983.2951024,0,3.605551275463989,0.5880026035475675
1780398983.3950493,0,3.605551275463989,0.5880026035475675
1780398983.49508,0,3.605551275463989,0.5880026035475675
1780398983.5951254,0,3.605551275463989,0.5880026035475675
1780398983.6950495,0,3.605551275463989,0.5880026035475675
1780398983.7950869,0,3.605551275463989,0.5880026035475675
1780398983.8950489,0,3.605551275463989,0.5880026035475675
1780398983.995459,0,3.605551275463989,0.5880026035475675
1780398984.0949864,0,3.605551275463989,0.5880026035475675
1780398984.195056,0,3.605551275463989,0.5880026035475675
1780398984.2958,0,3.605551275463989,0.5880026035475675
1780398984.3956676,0,3.605551275463989,0.5880026035475675
1780398984.4951043,0,3.605551275463989,0.5880026035475675
1780398984.595298,0,3.605551275463989,0.5880026035475675
1780398984.6950967,0,3.605551275463989,0.5880026035475675
1780398984.7951047,0,3.605551275463989,0.5880026035475675
1780398984.8956537,0,3.605551275463989,0.5880026035475675
1780398984.995128,0,3.605551275463989,0.5880026035475675
1780398985.0957906,0,3.605551275463989,0.5880026035475675
1780398985.195084,0,3.605551275463989,0.5880026035475675
1780398985.2950916,0,3.605551275463989,0.5880026035475675
1780398985.3950522,0,3.605551275463989,0.5880026035475675
1780398985.4950702,0,3.605551275463989,0.5880026035475675
1780398985.5953474,0,3.605551275463989,0.5880026035475675
1780398985.6951218,0,3.605551275463989,0.5880026035475675
1780398985.7950106,0,3.605551275463989,0.5880026035475675
1780398985.896757,0,3.605551275463989,0.5880026035475675
1780398985.9950955,0,3.605551275463989,0.5880026035475675
1780398986.0950005,0,3.605551275463989,0.5880026035475675
1780398986.1950455,0,3.605551275463989,0.5880026035475675
1780398986.2950983,0,3.605551275463989,0.5880026035475675
1780398986.395137,0,3.605551275463989,0.5880026035475675
1780398986.4950094,0,3.605551275463989,0.5880026035475675
1780398986.5951283,0,3.605551275463989,0.5880026035475675
1780398986.6957033,0,3.605551275463989,0.5880026035475675
1780398986.7950027,0,3.605551275463989,0.5880026035475675
1780398986.8950949,0,3.605551275463989,0.5880026035475675
1780398986.9951303,0,3.605551275463989,0.5880026035475675
1780398987.0951364,0,3.605551275463989,0.5880026035475675
1780398987.1951187,0,3.605551275463989,0.5880026035475675
1780398987.2950463,0,3.605551275463989,0.5880026035475675
1780398987.3950574,0,3.605551275463989,0.5880026035475675
1780398987.4950902,0,3.605551275463989,0.5880026035475675
1780398987.595083,0,3.605551275463989,0.5880026035475675
1780398987.6954036,0,3.605551275463989,0.5880026035475675
1780398987.795037,0,3.605551275463989,0.5880026035475675
1780398987.8950365,0,3.605551275463989,0.5880026035475675
1780398987.9951496,0,3.605551275463989,0.5880026035475675
1780398988.0957088,0,3.605551275463989,0.5880026035475675
1780398988.1950886,0,3.605551275463989,0.5880026035475675
1780398988.2954166,0,3.605551275463989,0.5880026035475675
1780398988.3950472,0,3.605551275463989,0.5880026035475675
1780398988.4960642,0,3.605551275463989,0.5880026035475675
1780398988.5950813,0,3.605551275463989,0.5880026035475675
1780398988.6951478,0,3.605551275463989,0.5880026035475675
1780398988.7951076,0,3.605551275463989,0.5880026035475675
1780398988.8950531,0,3.605551275463989,0.5880026035475675
1780398988.9954052,0,3.605551275463989,0.5880026035475675
1780398989.0953965,0,3.605551275463989,0.5880026035475675
1780398989.1953566,0,3.605551275463989,0.5880026035475675
1780398989.296423,0,3.605551275463989,0.5880026035475675
1780398989.3954022,0,3.605551275463989,0.5880026035475675
1780398989.4951148,0,3.605551275463989,0.5880026035475675
1780398989.5950441,0,3.605551275463989,0.5880026035475675
1780398989.6955764,0,3.605551275463989,0.5880026035475675
1780398989.7950156,0,3.605551275463989,0.5880026035475675
1780398989.8951268,0,3.605551275463989,0.5880026035475675
1780398989.9957335,0,3.605551275463989,0.5880026035475675
1780398990.0950484,0,3.605551275463989,0.5880026035475675
1780398990.195104,0,3.605551275463989,0.5880026035475675
1780398990.2949963,0,3.605551275463989,0.5880026035475675
1780398990.3950148,0,3.605551275463989,0.5880026035475675
1780398990.4951386,0,3.605551275463989,0.5880026035475675
1780398990.5950184,0,3.605551275463989,0.5880026035475675
1780398990.695128,0,3.605551275463989,0.5880026035475675
1780398990.7950916,0,3.605551275463989,0.5880026035475675
1780398990.8950343,0,3.605551275463989,0.5880026035475675
1780398990.9950333,0,3.605551275463989,0.5880026035475675
1780398991.095062,0,3.605551275463989,0.5880026035475675
1780398991.1950746,0,3.605551275463989,0.5880026035475675
1780398991.2950706,0,3.605551275463989,0.5880026035475675
1780398991.395114,0,3.605551275463989,0.5880026035475675
1780398991.4954557,0,3.605551275463989,0.5880026035475675
1780398991.5950449,0,3.605551275463989,0.5880026035475675
1780398991.695141,0,3.605551275463989,0.5880026035475675
1780398991.7951007,0,3.605551275463989,0.5880026035475675
1780398991.8953621,0,3.605551275463989,0.5880026035475675
1780398991.99504,0,3.605551275463989,0.5880026035475675
1780398992.095077,0,3.605551275463989,0.5880026035475675
1780398992.195466,0,3.605551275463989,0.5880026035475675
1780398992.295046,0,3.605551275463989,0.5880026035475675
1780398992.3954263,0,3.605551275463989,0.5880026035475675
1780398992.4950564,0,3.605551275463989,0.5880026035475675
1780398992.5950608,0,3.605551275463989,0.5880026035475675
1780398992.6950727,0,3.605551275463989,0.5880026035475675
1780398992.7951503,0,3.605551275463989,0.5880026035475675
1780398992.8955994,0,3.605551275463989,0.5880026035475675
1780398992.9951801,0,3.605551275463989,0.5880026035475675
1780398993.0950592,0,3.605551275463989,0.5880026035475675
1780398993.195091,0,3.605551275463989,0.5880026035475675
1780398993.2950501,0,3.605551275463989,0.5880026035475675
1780398993.3950932,0,3.605551275463989,0.5880026035475675
1780398993.4951851,0,3.605551275463989,0.5880026035475675
1780398993.5950093,0,3.605551275463989,0.5880026035475675
1780398993.6950805,0,3.605551275463989,0.5880026035475675
1780398993.79514,0,3.605551275463989,0.5880026035475675
1780398993.8951097,0,3.605551275463989,0.5880026035475675
1780398993.9950175,0,3.605551275463989,0.5880026035475675
1780398994.0951157,0,3.605551275463989,0.5880026035475675
1780398994.1951168,0,3.605551275463989,0.5880026035475675
1780398994.2950637,0,3.605551275463989,0.5880026035475675
1780398994.3951106,0,3.605551275463989,0.5880026035475675
1780398994.4951081,0,3.605551275463989,0.5880026035475675
1780398994.5951102,0,3.605551275463989,0.5880026035475675
1780398994.6950755,0,3.605551275463989,0.5880026035475675
1780398994.7950058,0,3.605551275463989,0.5880026035475675
1780398994.8951108,0,3.605551275463989,0.5880026035475675
1780398994.9950771,0,3.605551275463989,0.5880026035475675
1780398995.0950854,0,3.605551275463989,0.5880026035475675
1780398995.1952786,0,3.605551275463989,0.5880026035475675
1780398995.2952929,0,3.605551275463989,0.5880026035475675
1780398995.3949926,0,3.605551275463989,0.5880026035475675
1780398995.495021,0,3.605551275463989,0.5880026035475675
1780398995.5950842,0,3.605551275463989,0.5880026035475675
1780398995.6949985,0,3.605551275463989,0.5880026035475675
1780398995.7956448,0,3.605551275463989,0.5880026035475675
1780398995.8950567,0,3.605551275463989,0.5880026035475675
1780398995.9950414,0,3.605551275463989,0.5880026035475675
1780398996.0960884,0,3.605551275463989,0.5880026035475675
1780398996.19511,0,3.605551275463989,0.5880026035475675
1780398996.2950222,0,3.605551275463989,0.5880026035475675
1780398996.3955164,0,3.605551275463989,0.5880026035475675
1780398996.495109,0,3.605551275463989,0.5880026035475675
1780398996.5952759,0,3.605551275463989,0.5880026035475675
1780398996.6950395,0,3.605551275463989,0.5880026035475675
1780398996.7953186,0,3.605551275463989,0.5880026035475675
1780398996.895128,0,3.605551275463989,0.5880026035475675
1780398996.9950907,0,3.605551275463989,0.5880026035475675
1780398997.0950034,0,3.605551275463989,0.5880026035475675
1780398997.1952825,0,3.605551275463989,0.5880026035475675
1780398997.295094,0,3.605551275463989,0.5880026035475675
1780398997.3950295,0,3.605551275463989,0.5880026035475675
1780398997.495008,0,3.605551275463989,0.5880026035475675
1780398997.5950506,0,3.605551275463989,0.5880026035475675
1780398997.6950946,0,3.605551275463989,0.5880026035475675
1780398997.795066,0,3.605551275463989,0.5880026035475675
1780398997.895111,0,3.605551275463989,0.5880026035475675
1780398997.9953024,0,3.605551275463989,0.5880026035475675
1780398998.0949988,0,3.605551275463989,0.5880026035475675
1780398998.195088,0,3.605551275463989,0.5880026035475675
1780398998.2951064,0,3.605551275463989,0.5880026035475675
1780398998.3951154,0,3.605551275463989,0.5880026035475675
1780398998.4950333,0,3.605551275463989,0.5880026035475675
1780398998.5950484,0,3.605551275463989,0.5880026035475675
1780398998.6950595,0,3.605551275463989,0.5880026035475675
1780398998.7950804,0,3.605551275463989,0.5880026035475675
1780398998.8951066,0,3.605551275463989,0.5880026035475675
1780398998.9950438,0,3.605551275463989,0.5880026035475675
1780398999.0950797,0,3.605551275463989,0.5880026035475675
1780398999.1951036,0,3.605551275463989,0.5880026035475675
1780398999.2950778,0,3.605551275463989,0.5880026035475675
1780398999.3950272,0,3.605551275463989,0.5880026035475675
1780398999.4951136,0,3.605551275463989,0.5880026035475675
1780398999.595094,0,3.605551275463989,0.5880026035475675
1780398999.6950982,0,3.605551275463989,0.5880026035475675
1780398999.79502,0,3.605551275463989,0.5880026035475675
1780398999.8950894,0,3.605551275463989,0.5880026035475675
1780398999.995094,0,3.605551275463989,0.5880026035475675
1780399000.0958471,0,3.605551275463989,0.5880026035475675
1780399000.1951163,0,3.605551275463989,0.5880026035475675
1780399000.295102,0,3.605551275463989,0.5880026035475675
1780399000.395106,0,3.605551275463989,0.5880026035475675
1780399000.4950144,0,3.605551275463989,0.5880026035475675
1780399000.5951197,0,3.605551275463989,0.5880026035475675
1780399000.6950636,0,3.605551275463989,0.5880026035475675
1780399000.795648,0,3.605551275463989,0.5880026035475675
1780399000.8961198,0,3.605551275463989,0.5880026035475675
1780399000.9953043,0,3.605551275463989,0.5880026035475675
1780399001.09513,0,3.605551275463989,0.5880026035475675
1780399001.1953142,0,3.605551275463989,0.5880026035475675
1780399001.295082,0,3.605551275463989,0.5880026035475675
1780399001.3951085,0,3.605551275463989,0.5880026035475675
1780399001.4951,0,3.605551275463989,0.5880026035475675
1780399001.5951345,0,3.605551275463989,0.5880026035475675
1780399001.696093,0,3.605551275463989,0.5880026035475675
1780399001.7953691,0,3.605551275463989,0.5880026035475675
1780399001.8950415,0,3.605551275463989,0.5880026035475675
1780399001.9961243,0,3.605551275463989,0.5880026035475675
1780399002.0961103,0,3.605551275463989,0.5880026035475675
1780399002.1950672,0,3.605551275463989,0.5880026035475675
1780399002.2951088,0,3.605551275463989,0.5880026035475675
1780399002.395135,0,3.605551275463989,0.5880026035475675
1780399002.4950943,0,3.605551275463989,0.5880026035475675
1780399002.5951061,0,3.605551275463989,0.5880026035475675
1780399002.6950521,0,3.605551275463989,0.5880026035475675
1780399002.7952943,0,3.605551275463989,0.5880026035475675
1780399002.8949897,0,3.605551275463989,0.5880026035475675
1780399002.9950798,0,3.605551275463989,0.5880026035475675
1780399003.0950642,0,3.605551275463989,0.5880026035475675
1780399003.1950781,0,3.605551275463989,0.5880026035475675
1780399003.295077,0,3.605551275463989,0.5880026035475675
1780399003.395107,0,3.605551275463989,0.5880026035475675
1780399003.495063,0,3.605551275463989,0.5880026035475675
1780399003.5950572,0,3.605551275463989,0.5880026035475675
1780399003.6950562,0,3.605551275463989,0.5880026035475675
1780399003.7950559,0,3.605551275463989,0.5880026035475675
1780399003.8951085,0,3.605551275463989,0.5880026035475675
1780399003.995128,0,3.605551275463989,0.5880026035475675
1780399004.0950434,0,3.605551275463989,0.5880026035475675
1780399004.195131,0,3.605551275463989,0.5880026035475675
1780399004.2951012,0,3.605551275463989,0.5880026035475675
1780399004.3950176,0,3.605551275463989,0.5880026035475675
1780399004.495116,0,3.605551275463989,0.5880026035475675
1780399004.5950701,0,3.605551275463989,0.5880026035475675
1780399004.6950855,0,3.605551275463989,0.5880026035475675
1780399004.7954192,0,3.605551275463989,0.5880026035475675
1780399004.8951397,0,3.605551275463989,0.5880026035475675
1780399004.9952285,0,3.605551275463989,0.5880026035475675
1780399005.0950344,0,3.605551275463989,0.5880026035475675
1780399005.1961963,0,3.605551275463989,0.5880026035475675
1780399005.2950032,0,3.605551275463989,0.5880026035475675
1780399005.39519,0,3.605551275463989,0.5880026035475675
1780399005.4954836,0,3.605551275463989,0.5880026035475675
1780399005.5950196,0,3.605551275463989,0.5880026035475675
1780399005.6950474,0,3.605551275463989,0.5880026035475675
1780399005.7952204,0,3.605551275463989,0.5880026035475675
1780399005.8960445,0,3.605551275463989,0.5880026035475675
1780399005.995059,0,3.605551275463989,0.5880026035475675
1780399006.0950751,0,3.605551275463989,0.5880026035475675
1780399006.1951678,0,3.605551275463989,0.5880026035475675
1780399006.295952,0,3.605551275463989,0.5880026035475675
1780399006.3951254,0,3.605551275463989,0.5880026035475675
1780399006.4951108,0,3.605551275463989,0.5880026035475675
1780399006.595056,0,3.605551275463989,0.5880026035475675
1780399006.6952486,0,3.605551275463989,0.5880026035475675
1780399006.7950826,0,3.605551275463989,0.5880026035475675
1780399006.89504,0,3.605551275463989,0.5880026035475675
1780399006.9950602,0,3.605551275463989,0.5880026035475675
1780399007.0950205,0,3.605551275463989,0.5880026035475675
1780399007.1949792,0,3.605551275463989,0.5880026035475675
1780399007.2950335,0,3.605551275463989,0.5880026035475675
1780399007.3949604,0,3.605551275463989,0.5880026035475675
1780399007.494934,0,3.605551275463989,0.5880026035475675
1780399007.594957,0,3.605551275463989,0.5880026035475675
1780399007.69512,0,3.605551275463989,0.5880026035475675
1780399007.795183,0,3.605551275463989,0.5880026035475675
1780399007.8950086,0,3.605551275463989,0.5880026035475675
1780399007.9949548,0,3.605551275463989,0.5880026035475675
1780399008.095054,0,3.605551275463989,0.5880026035475675
1780399008.1949992,0,3.605551275463989,0.5880026035475675
1780399008.2950492,0,3.605551275463989,0.5880026035475675
1780399008.3950582,0,3.605551275463989,0.5880026035475675
1780399008.4950416,0,3.605551275463989,0.5880026035475675
1780399008.595031,0,3.605551275463989,0.5880026035475675
1780399008.69505,0,3.605551275463989,0.5880026035475675
1780399008.7950838,0,3.605551275463989,0.5880026035475675
1780399008.8950717,0,3.605551275463989,0.5880026035475675
1780399008.9949956,0,3.605551275463989,0.5880026035475675
1780399009.0950365,0,3.605551275463989,0.5880026035475675
1780399009.1950421,0,3.605551275463989,0.5880026035475675
1780399009.2950654,0,3.605551275463989,0.5880026035475675
1780399009.395058,0,3.605551275463989,0.5880026035475675
1780399009.494987,0,3.605551275463989,0.5880026035475675
1780399009.5950537,0,3.605551275463989,0.5880026035475675
1780399009.695036,0,3.605551275463989,0.5880026035475675
1780399009.795136,0,3.605551275463989,0.5880026035475675
1780399009.8950777,0,3.605551275463989,0.5880026035475675
1780399009.9955864,0,3.605551275463989,0.5880026035475675
1780399010.0950418,0,3.605551275463989,0.5880026035475675
1780399010.1949863,0,3.605551275463989,0.5880026035475675
1780399010.295045,0,3.605551275463989,0.5880026035475675
1780399010.395151,0,3.605551275463989,0.5880026035475675
1780399010.495053,0,3.605551275463989,0.5880026035475675
1780399010.5950398,0,3.605551275463989,0.5880026035475675
1780399010.6950755,0,3.605551275463989,0.5880026035475675
1780399010.7950513,0,3.605551275463989,0.5880026035475675
1780399010.8950477,0,3.605551275463989,0.5880026035475675
1780399010.9953222,0,3.605551275463989,0.5880026035475675
1780399011.0949898,0,3.605551275463989,0.5880026035475675
1780399011.196087,0,3.605551275463989,0.5880026035475675
1780399011.2950861,0,3.605551275463989,0.5880026035475675
1780399011.395066,0,3.605551275463989,0.5880026035475675
1780399011.4950433,0,3.605551275463989,0.5880026035475675
1780399011.595105,0,3.605551275463989,0.5880026035475675
1780399011.6950548,0,3.605551275463989,0.5880026035475675
1780399011.7950656,0,3.605551275463989,0.5880026035475675
1780399011.8949943,0,3.605551275463989,0.5880026035475675
1780399011.994991,0,3.605551275463989,0.5880026035475675
1780399012.0950863,0,3.605551275463989,0.5880026035475675
1780399012.1950562,0,3.605551275463989,0.5880026035475675
1780399012.2950876,0,3.605551275463989,0.5880026035475675
1780399012.3950226,0,3.605551275463989,0.5880026035475675
1780399012.4950993,0,3.605551275463989,0.5880026035475675
1780399012.5950513,0,3.605551275463989,0.5880026035475675
1780399012.6950352,0,3.605551275463989,0.5880026035475675
1780399012.7950573,0,3.605551275463989,0.5880026035475675
1780399012.8950193,0,3.605551275463989,0.5880026035475675
1780399012.9950526,0,3.605551275463989,0.5880026035475675
1780399013.0951111,0,3.605551275463989,0.5880026035475675
1780399013.195093,0,3.605551275463989,0.5880026035475675
1780399013.2950544,0,3.605551275463989,0.5880026035475675
1780399013.3957205,0,3.605551275463989,0.5880026035475675
1780399013.4950557,0,3.605551275463989,0.5880026035475675
1780399013.5950768,0,3.605551275463989,0.5880026035475675
1780399013.6950579,0,3.605551275463989,0.5880026035475675
1780399013.7956216,0,3.605551275463989,0.5880026035475675
1780399013.8950603,0,3.605551275463989,0.5880026035475675
1780399013.995063,0,3.605551275463989,0.5880026035475675
1780399014.0950718,0,3.605551275463989,0.5880026035475675
1780399014.1950035,0,3.605551275463989,0.5880026035475675
1780399014.2950647,0,3.605551275463989,0.5880026035475675
1780399014.3951101,0,3.605551275463989,0.5880026035475675
1780399014.4950628,0,3.605551275463989,0.5880026035475675
1780399014.5949948,0,3.605551275463989,0.5880026035475675
1780399014.695063,0,3.605551275463989,0.5880026035475675
1780399014.7950418,0,3.605551275463989,0.5880026035475675
1780399014.895163,0,3.605551275463989,0.5880026035475675
1780399014.9949965,0,3.605551275463989,0.5880026035475675
1780399015.0950348,0,3.605551275463989,0.5880026035475675
1780399015.1950817,0,3.605551275463989,0.5880026035475675
1780399015.2950335,0,3.605551275463989,0.5880026035475675
1780399015.3950198,0,3.605551275463989,0.5880026035475675
1780399015.4950747,0,3.605551275463989,0.5880026035475675
1780399015.595059,0,3.605551275463989,0.5880026035475675
1780399015.695057,0,3.605551275463989,0.5880026035475675
1780399015.7950711,0,3.605551275463989,0.5880026035475675
1780399015.8950624,0,3.605551275463989,0.5880026035475675
1780399015.995105,0,3.605551275463989,0.5880026035475675
1780399016.094978,0,3.605551275463989,0.5880026035475675
1780399016.1951478,0,3.605551275463989,0.5880026035475675
1780399016.2950046,0,3.605551275463989,0.5880026035475675
1780399016.395083,0,3.605551275463989,0.5880026035475675
1780399016.4950883,0,3.605551275463989,0.5880026035475675
1780399016.5951743,0,3.605551275463989,0.5880026035475675
1780399016.6950736,0,3.605551275463989,0.5880026035475675
1780399016.795048,0,3.605551275463989,0.5880026035475675
1780399016.8950722,0,3.605551275463989,0.5880026035475675
1780399016.9950626,0,3.605551275463989,0.5880026035475675
1780399017.0950506,0,3.605551275463989,0.5880026035475675
1780399017.195053,0,3.605551275463989,0.5880026035475675
1780399017.2950275,0,3.605551275463989,0.5880026035475675
1780399017.3950455,0,3.605551275463989,0.5880026035475675
1780399017.4950526,0,3.605551275463989,0.5880026035475675
1780399017.595017,0,3.605551275463989,0.5880026035475675
1780399017.6950552,0,3.605551275463989,0.5880026035475675
1780399017.795107,0,3.605551275463989,0.5880026035475675
1780399017.8950334,0,3.605551275463989,0.5880026035475675
1780399017.99508,0,3.605551275463989,0.5880026035475675
1780399018.0950358,0,3.605551275463989,0.5880026035475675
1780399018.1950006,0,3.605551275463989,0.5880026035475675
1780399018.295017,0,3.605551275463989,0.5880026035475675
1780399018.39508,0,3.605551275463989,0.5880026035475675
1780399018.4952013,0,3.605551275463989,0.5880026035475675
1780399018.5951016,0,3.605551275463989,0.5880026035475675
1780399018.695051,0,3.605551275463989,0.5880026035475675
1780399018.7950497,0,3.605551275463989,0.5880026035475675
1780399018.8950942,0,3.605551275463989,0.5880026035475675
1780399018.995053,0,3.605551275463989,0.5880026035475675
1780399019.095074,0,3.605551275463989,0.5880026035475675
1780399019.1950703,0,3.605551275463989,0.5880026035475675
1780399019.2950406,0,3.605551275463989,0.5880026035475675
1780399019.395058,0,3.605551275463989,0.5880026035475675
1780399019.495091,0,3.605551275463989,0.5880026035475675
1780399019.5951493,0,3.605551275463989,0.5880026035475675
1780399019.6951811,0,3.605551275463989,0.5880026035475675
1780399019.7951648,0,3.605551275463989,0.5880026035475675
1780399019.8950536,0,3.605551275463989,0.5880026035475675
1780399019.9950714,0,3.605551275463989,0.5880026035475675
1780399020.0950198,0,3.605551275463989,0.5880026035475675
1780399020.195197,0,3.605551275463989,0.5880026035475675
1780399020.2950683,0,3.605551275463989,0.5880026035475675
1780399020.3951168,0,3.605551275463989,0.5880026035475675
1780399020.4950545,0,3.605551275463989,0.5880026035475675
1780399020.5950978,0,3.605551275463989,0.5880026035475675
1780399020.6952136,0,3.605551275463989,0.5880026035475675
1780399020.7950811,0,3.605551275463989,0.5880026035475675
1780399020.895124,0,3.605551275463989,0.5880026035475675
1780399020.995057,0,3.605551275463989,0.5880026035475675
1780399021.0951066,0,3.605551275463989,0.5880026035475675
1780399021.1950042,0,3.605551275463989,0.5880026035475675
1780399021.2951787,0,3.605551275463989,0.5880026035475675
1780399021.3950226,0,3.605551275463989,0.5880026035475675
1780399021.4950833,0,3.605551275463989,0.5880026035475675
1780399021.5950084,0,3.605551275463989,0.5880026035475675
1780399021.6951382,0,3.605551275463989,0.5880026035475675
1780399021.7950099,0,3.605551275463989,0.5880026035475675
1780399021.8950524,0,3.605551275463989,0.5880026035475675
1780399021.9950302,0,3.605551275463989,0.5880026035475675
1780399022.0950813,0,3.605551275463989,0.5880026035475675
1780399022.195088,0,3.605551275463989,0.5880026035475675
1780399022.2951055,0,3.605551275463989,0.5880026035475675
1780399022.3950381,0,3.605551275463989,0.5880026035475675
1780399022.4950793,0,3.605551275463989,0.5880026035475675
1780399022.5951722,0,3.605551275463989,0.5880026035475675
1780399022.6950753,0,3.605551275463989,0.5880026035475675
1780399022.7950723,0,3.605551275463989,0.5880026035475675
1780399022.8950403,0,3.605551275463989,0.5880026035475675
1780399022.9950762,0,3.605551275463989,0.5880026035475675
1780399023.095114,0,3.605551275463989,0.5880026035475675
1780399023.195069,0,3.605551275463989,0.5880026035475675
1780399023.2951772,0,3.605551275463989,0.5880026035475675
1780399023.3950696,0,3.605551275463989,0.5880026035475675
1780399023.4950123,0,3.605551275463989,0.5880026035475675
1780399023.5950665,0,3.605551275463989,0.5880026035475675
1780399023.6950874,0,3.605551275463989,0.5880026035475675
1780399023.7950335,0,3.605551275463989,0.5880026035475675
1780399023.8950174,0,3.605551275463989,0.5880026035475675
1780399023.995251,0,3.605551275463989,0.5880026035475675
1780399024.0955722,0,3.605551275463989,0.5880026035475675
1780399024.1951432,0,3.605551275463989,0.5880026035475675
1780399024.2951622,0,3.605551275463989,0.5880026035475675
1780399024.3950684,0,3.605551275463989,0.5880026035475675
1780399024.4950898,0,3.605551275463989,0.5880026035475675
1780399024.5950139,0,3.605551275463989,0.5880026035475675
1780399024.6951103,0,3.605551275463989,0.5880026035475675
1780399024.7951183,0,3.605551275463989,0.5880026035475675
1780399024.8953383,0,3.605551275463989,0.5880026035475675
1780399024.99516,0,3.605551275463989,0.5880026035475675
1780399025.0951583,0,3.605551275463989,0.5880026035475675
1780399025.1950924,0,3.605551275463989,0.5880026035475675
1780399025.295328,0,3.605551275463989,0.5880026035475675
1780399025.3950417,0,3.605551275463989,0.5880026035475675
1780399025.495311,0,3.605551275463989,0.5880026035475675
1780399025.59504,0,3.605551275463989,0.5880026035475675
1780399025.6949909,0,3.605551275463989,0.5880026035475675
1780399025.79505,0,3.605551275463989,0.5880026035475675
1780399025.8951683,0,3.605551275463989,0.5880026035475675
1780399025.9950318,0,3.605551275463989,0.5880026035475675
1780399026.0950146,0,3.605551275463989,0.5880026035475675
1780399026.1950202,0,3.605551275463989,0.5880026035475675
1780399026.2951038,0,3.605551275463989,0.5880026035475675
1780399026.3951347,0,3.605551275463989,0.5880026035475675
1780399026.495009,0,3.605551275463989,0.5880026035475675
1780399026.5950491,0,3.605551275463989,0.5880026035475675
1780399026.6950724,0,3.605551275463989,0.5880026035475675
1780399026.7950351,0,3.605551275463989,0.5880026035475675
1780399026.8953037,0,3.605551275463989,0.5880026035475675
1780399026.995043,0,3.605551275463989,0.5880026035475675
1780399027.0954325,0,3.605551275463989,0.5880026035475675
1780399027.1953175,0,3.605551275463989,0.5880026035475675
1780399027.2955518,0,3.605551275463989,0.5880026035475675
1780399027.3951936,0,3.605551275463989,0.5880026035475675
1780399027.4956937,0,3.605551275463989,0.5880026035475675
1780399027.5955467,0,3.605551275463989,0.5880026035475675
1780399027.695594,0,3.605551275463989,0.5880026035475675
1780399027.7956355,0,3.605551275463989,0.5880026035475675
1780399027.895101,0,3.605551275463989,0.5880026035475675
1780399027.9955895,0,3.605551275463989,0.5880026035475675
1780399028.0952587,0,3.605551275463989,0.5880026035475675
1780399028.1952553,0,3.605551275463989,0.5880026035475675
1780399028.295032,0,3.605551275463989,0.5880026035475675
1780399028.3950663,0,3.605551275463989,0.5880026035475675
1780399028.496288,0,3.605551275463989,0.5880026035475675
1780399028.5951085,0,3.605551275463989,0.5880026035475675
1780399028.6950464,0,3.605551275463989,0.5880026035475675
1780399028.7950473,0,3.605551275463989,0.5880026035475675
1780399028.8951063,0,3.605551275463989,0.5880026035475675
1780399028.9951062,0,3.605551275463989,0.5880026035475675
1780399029.0960712,0,3.605551275463989,0.5880026035475675
1780399029.1950397,0,3.605551275463989,0.5880026035475675
1780399029.2949529,0,3.605551275463989,0.5880026035475675
1780399029.395231,0,3.605551275463989,0.5880026035475675
1780399029.4950879,0,3.605551275463989,0.5880026035475675
1780399029.595056,0,3.605551275463989,0.5880026035475675
1780399029.6952095,0,3.605551275463989,0.5880026035475675
1780399029.7951303,0,3.605551275463989,0.5880026035475675
1780399029.8951037,0,3.605551275463989,0.5880026035475675
1780399029.9950418,0,3.605551275463989,0.5880026035475675
1780399030.0950418,0,3.605551275463989,0.5880026035475675
1780399030.1950572,0,3.605551275463989,0.5880026035475675
1780399030.2951066,0,3.605551275463989,0.5880026035475675
1780399030.3950477,0,3.605551275463989,0.5880026035475675
1780399030.4955301,0,3.605551275463989,0.5880026035475675
1780399030.5950835,0,3.605551275463989,0.5880026035475675
1780399030.6951241,0,3.605551275463989,0.5880026035475675
1780399030.7950807,0,3.605551275463989,0.5880026035475675
1780399030.8950102,0,3.605551275463989,0.5880026035475675
1780399030.9950607,0,3.605551275463989,0.5880026035475675
1780399031.0950766,0,3.605551275463989,0.5880026035475675
1780399031.195128,0,3.605551275463989,0.5880026035475675
1780399031.2950397,0,3.605551275463989,0.5880026035475675
1780399031.3950608,0,3.605551275463989,0.5880026035475675
1780399031.4950674,0,3.605551275463989,0.5880026035475675
1780399031.594976,0,3.605551275463989,0.5880026035475675
1780399031.6952069,0,3.605551275463989,0.5880026035475675
1780399031.7950027,0,3.605551275463989,0.5880026035475675
1780399031.8950582,0,3.605551275463989,0.5880026035475675
1780399031.9951234,0,3.605551275463989,0.5880026035475675
1780399032.0950365,0,3.605551275463989,0.5880026035475675
1780399032.1950436,0,3.605551275463989,0.5880026035475675
1780399032.2950997,0,3.605551275463989,0.5880026035475675
1780399032.3963668,0,3.605551275463989,0.5880026035475675
1780399032.4950068,0,3.605551275463989,0.5880026035475675
1780399032.5951064,0,3.605551275463989,0.5880026035475675
1780399032.6953273,0,3.605551275463989,0.5880026035475675
1780399032.7950232,0,3.605551275463989,0.5880026035475675
1780399032.8952181,0,3.605551275463989,0.5880026035475675
1780399032.9951105,0,3.605551275463989,0.5880026035475675
1780399033.0950496,0,3.605551275463989,0.5880026035475675
1780399033.1950476,0,3.605551275463989,0.5880026035475675
1780399033.2950757,0,3.605551275463989,0.5880026035475675
1780399033.3951209,0,3.605551275463989,0.5880026035475675
1780399033.4949782,0,3.605551275463989,0.5880026035475675
1780399033.595011,0,3.605551275463989,0.5880026035475675
1780399033.6949973,0,3.605551275463989,0.5880026035475675
1780399033.7949972,0,3.605551275463989,0.5880026035475675
1780399033.8949573,0,3.605551275463989,0.5880026035475675
1780399033.9950128,0,3.605551275463989,0.5880026035475675
1780399034.0951731,0,3.605551275463989,0.5880026035475675
1780399034.195124,0,3.605551275463989,0.5880026035475675
1780399034.295175,0,3.605551275463989,0.5880026035475675
1780399034.3950655,0,3.605551275463989,0.5880026035475675
1780399034.4951,0,3.605551275463989,0.5880026035475675
1780399034.59505,0,3.605551275463989,0.5880026035475675
1780399034.6950998,0,3.605551275463989,0.5880026035475675
1780399034.7950134,0,3.605551275463989,0.5880026035475675
1780399034.8950715,0,3.605551275463989,0.5880026035475675
1780399034.9950595,0,3.605551275463989,0.5880026035475675
1780399035.0955863,0,3.605551275463989,0.5880026035475675
1780399035.195069,0,3.605551275463989,0.5880026035475675
1780399035.2951024,0,3.605551275463989,0.5880026035475675
1780399035.3951108,0,3.605551275463989,0.5880026035475675
1780399035.4951131,0,3.605551275463989,0.5880026035475675
1780399035.595077,0,3.605551275463989,0.5880026035475675
1780399035.695117,0,3.605551275463989,0.5880026035475675
1780399035.7950737,0,3.605551275463989,0.5880026035475675
1780399035.895149,0,3.605551275463989,0.5880026035475675
1780399035.9950316,0,3.605551275463989,0.5880026035475675
1780399036.0950024,0,3.605551275463989,0.5880026035475675
1780399036.1950629,0,3.605551275463989,0.5880026035475675
1780399036.2950897,0,3.605551275463989,0.5880026035475675
1780399036.3950644,0,3.605551275463989,0.5880026035475675
1780399036.4951591,0,3.605551275463989,0.5880026035475675
1780399036.5951214,0,3.605551275463989,0.5880026035475675
1780399036.695167,0,3.605551275463989,0.5880026035475675
1780399036.795072,0,3.605551275463989,0.5880026035475675
1780399036.8950071,0,3.605551275463989,0.5880026035475675
1780399036.995056,0,3.605551275463989,0.5880026035475675
1780399037.095047,0,3.605551275463989,0.5880026035475675
1780399037.1952457,0,3.605551275463989,0.5880026035475675
1780399037.2951615,0,3.605551275463989,0.5880026035475675
1780399037.3951352,0,3.605551275463989,0.5880026035475675
1780399037.4951017,0,3.605551275463989,0.5880026035475675
1780399037.5950658,0,3.605551275463989,0.5880026035475675
1780399037.6950765,0,3.605551275463989,0.5880026035475675
1780399037.7952423,0,3.605551275463989,0.5880026035475675
1780399037.895042,0,3.605551275463989,0.5880026035475675
1780399037.9950182,0,3.605551275463989,0.5880026035475675
1780399038.0951884,0,3.605551275463989,0.5880026035475675
1780399038.195068,0,3.605551275463989,0.5880026035475675
1780399038.2950752,0,3.605551275463989,0.5880026035475675
1780399038.3950815,0,3.605551275463989,0.5880026035475675
1780399038.4951224,0,3.605551275463989,0.5880026035475675
1780399038.5951302,0,3.605551275463989,0.5880026035475675
1780399038.6952684,0,3.605551275463989,0.5880026035475675
1780399038.7950613,0,3.605551275463989,0.5880026035475675
1780399038.8950942,0,3.605551275463989,0.5880026035475675
1780399038.9950285,0,3.605551275463989,0.5880026035475675
1780399039.095035,0,3.605551275463989,0.5880026035475675
1780399039.1954577,0,3.605551275463989,0.5880026035475675
1780399039.2950165,0,3.605551275463989,0.5880026035475675
1780399039.395056,0,3.605551275463989,0.5880026035475675
1780399039.4950764,0,3.605551275463989,0.5880026035475675
1780399039.594943,0,3.605551275463989,0.5880026035475675
1780399039.695324,0,3.605551275463989,0.5880026035475675
1780399039.7950354,0,3.605551275463989,0.5880026035475675
1780399039.895012,0,3.605551275463989,0.5880026035475675
1780399039.995055,0,3.605551275463989,0.5880026035475675
1780399040.0953336,0,3.605551275463989,0.5880026035475675
1780399040.1951518,0,3.605551275463989,0.5880026035475675
1780399040.2950273,0,3.605551275463989,0.5880026035475675
1780399040.3955743,0,3.605551275463989,0.5880026035475675
1780399040.4952207,0,3.605551275463989,0.5880026035475675
1780399040.5950735,0,3.605551275463989,0.5880026035475675
1780399040.695046,0,3.605551275463989,0.5880026035475675
1780399040.7950313,0,3.605551275463989,0.5880026035475675
1780399040.895065,0,3.605551275463989,0.5880026035475675
1780399040.9950857,0,3.605551275463989,0.5880026035475675
1780399041.0952506,0,3.605551275463989,0.5880026035475675
1780399041.1950262,0,3.605551275463989,0.5880026035475675
1780399041.2951207,0,3.605551275463989,0.5880026035475675
1780399041.3951545,0,3.605551275463989,0.5880026035475675
1780399041.4950294,0,3.605551275463989,0.5880026035475675
1780399041.5957,0,3.605551275463989,0.5880026035475675
1780399041.6950579,0,3.605551275463989,0.5880026035475675
1780399041.7951136,0,3.605551275463989,0.5880026035475675
1780399041.8952441,0,3.605551275463989,0.5880026035475675
1780399041.995174,0,3.605551275463989,0.5880026035475675
1780399042.0949974,0,3.605551275463989,0.5880026035475675
1780399042.1951015,0,3.605551275463989,0.5880026035475675
1780399042.2950895,0,3.605551275463989,0.5880026035475675
1780399042.39514,0,3.605551275463989,0.5880026035475675
1780399042.4951217,0,3.605551275463989,0.5880026035475675
1780399042.5951235,0,3.605551275463989,0.5880026035475675
1780399042.6950107,0,3.605551275463989,0.5880026035475675
1780399042.795106,0,3.605551275463989,0.5880026035475675
1780399042.895054,0,3.605551275463989,0.5880026035475675
1780399042.9950516,0,3.605551275463989,0.5880026035475675
1780399043.0950544,0,3.605551275463989,0.5880026035475675
1780399043.1951501,0,3.605551275463989,0.5880026035475675
1780399043.2951505,0,3.605551275463989,0.5880026035475675
1780399043.3950775,0,3.605551275463989,0.5880026035475675
1780399043.4954507,0,3.605551275463989,0.5880026035475675
1780399043.5950763,0,3.605551275463989,0.5880026035475675
1780399043.6950765,0,3.605551275463989,0.5880026035475675
1780399043.795072,0,3.605551275463989,0.5880026035475675
1780399043.8951244,0,3.605551275463989,0.5880026035475675
1780399043.9950032,0,3.605551275463989,0.5880026035475675
1780399044.095436,0,3.605551275463989,0.5880026035475675
1780399044.1954727,0,3.605551275463989,0.5880026035475675
1780399044.295057,0,3.605551275463989,0.5880026035475675
1780399044.3950827,0,3.605551275463989,0.5880026035475675
1780399044.4951127,0,3.605551275463989,0.5880026035475675
1780399044.5950572,0,3.605551275463989,0.5880026035475675
1780399044.6950502,0,3.605551275463989,0.5880026035475675
1780399044.7950594,0,3.605551275463989,0.5880026035475675
1780399044.8955112,0,3.605551275463989,0.5880026035475675
1780399044.9951,0,3.605551275463989,0.5880026035475675
1780399045.0950937,0,3.605551275463989,0.5880026035475675
1780399045.1949925,0,3.605551275463989,0.5880026035475675
1780399045.2950222,0,3.605551275463989,0.5880026035475675
1780399045.3950567,0,3.605551275463989,0.5880026035475675
1780399045.4951026,0,3.605551275463989,0.5880026035475675
1780399045.5950444,0,3.605551275463989,0.5880026035475675
1780399045.695119,0,3.605551275463989,0.5880026035475675
1780399045.7950706,0,3.605551275463989,0.5880026035475675
1780399045.8950398,0,3.605551275463989,0.5880026035475675
1780399045.9950464,0,3.605551275463989,0.5880026035475675
1780399046.0950444,0,3.605551275463989,0.5880026035475675
1780399046.1951268,0,3.605551275463989,0.5880026035475675
1780399046.2950006,0,3.605551275463989,0.5880026035475675
1780399046.395902,0,3.605551275463989,0.5880026035475675
1780399046.4950666,0,3.605551275463989,0.5880026035475675
1780399046.5950682,0,3.605551275463989,0.5880026035475675
1780399046.6950085,0,3.605551275463989,0.5880026035475675
1780399046.795199,0,3.605551275463989,0.5880026035475675
1780399046.8950741,0,3.605551275463989,0.5880026035475675
1780399046.9953113,0,3.605551275463989,0.5880026035475675
1780399047.0951838,0,3.605551275463989,0.5880026035475675
1780399047.1950943,0,3.605551275463989,0.5880026035475675
1780399047.2950492,0,3.605551275463989,0.5880026035475675
1780399047.3950696,0,3.605551275463989,0.5880026035475675
1780399047.495121,0,3.605551275463989,0.5880026035475675
1780399047.59508,0,3.605551275463989,0.5880026035475675
1780399047.6950703,0,3.605551275463989,0.5880026035475675
1780399047.7951362,0,3.605551275463989,0.5880026035475675
1780399047.8951197,0,3.605551275463989,0.5880026035475675
1780399047.995091,0,3.605551275463989,0.5880026035475675
1780399048.095098,0,3.605551275463989,0.5880026035475675
1780399048.1950922,0,3.605551275463989,0.5880026035475675
1780399048.295056,0,3.605551275463989,0.5880026035475675
1780399048.3951051,0,3.605551275463989,0.5880026035475675
1780399048.4953275,0,3.605551275463989,0.5880026035475675
1780399048.5950441,0,3.605551275463989,0.5880026035475675
1780399048.6951022,0,3.605551275463989,0.5880026035475675
1780399048.7951093,0,3.605551275463989,0.5880026035475675
1780399048.8951955,0,3.605551275463989,0.5880026035475675
1780399048.995048,0,3.605551275463989,0.5880026035475675
1780399049.0950832,0,3.605551275463989,0.5880026035475675
1780399049.1950572,0,3.605551275463989,0.5880026035475675
1780399049.295348,0,3.605551275463989,0.5880026035475675
1780399049.3950498,0,3.605551275463989,0.5880026035475675
1780399049.4951174,0,3.605551275463989,0.5880026035475675
1780399049.5950618,0,3.605551275463989,0.5880026035475675
1780399049.695165,0,3.605551275463989,0.5880026035475675
1780399049.7950602,0,3.605551275463989,0.5880026035475675
1780399049.8950398,0,3.605551275463989,0.5880026035475675
1780399049.9950962,0,3.605551275463989,0.5880026035475675
1780399050.095097,0,3.605551275463989,0.5880026035475675
1780399050.1950366,0,3.605551275463989,0.5880026035475675
1780399050.2951663,0,3.605551275463989,0.5880026035475675
1780399050.395098,0,3.605551275463989,0.5880026035475675
1780399050.495062,0,3.605551275463989,0.5880026035475675
1780399050.5951061,0,3.605551275463989,0.5880026035475675
1780399050.695181,0,3.605551275463989,0.5880026035475675
1780399050.7950044,0,3.605551275463989,0.5880026035475675
1780399050.8951461,0,3.605551275463989,0.5880026035475675
1780399050.995019,0,3.605551275463989,0.5880026035475675
1780399051.095072,0,3.605551275463989,0.5880026035475675
1780399051.1951635,0,3.605551275463989,0.5880026035475675
1780399051.2951334,0,3.605551275463989,0.5880026035475675
1780399051.3950837,0,3.605551275463989,0.5880026035475675
1780399051.4950888,0,3.605551275463989,0.5880026035475675
1780399051.5951035,0,3.605551275463989,0.5880026035475675
1780399051.69522,0,3.605551275463989,0.5880026035475675
1780399051.795007,0,3.605551275463989,0.5880026035475675
1780399051.895183,0,3.605551275463989,0.5880026035475675
1780399051.995028,0,3.605551275463989,0.5880026035475675
1780399052.0950298,0,3.605551275463989,0.5880026035475675
1780399052.1950927,0,3.605551275463989,0.5880026035475675
1780399052.295108,0,3.605551275463989,0.5880026035475675
1780399052.395105,0,3.605551275463989,0.5880026035475675
1780399052.4950378,0,3.605551275463989,0.5880026035475675
1780399052.5950885,0,3.605551275463989,0.5880026035475675
1780399052.69508,0,3.605551275463989,0.5880026035475675
1780399052.7950962,0,3.605551275463989,0.5880026035475675
1780399052.8951583,0,3.605551275463989,0.5880026035475675
1780399052.9951293,0,3.605551275463989,0.5880026035475675
1780399053.095024,0,3.605551275463989,0.5880026035475675
1780399053.1953964,0,3.605551275463989,0.5880026035475675
1780399053.2950666,0,3.605551275463989,0.5880026035475675
1780399053.39512,0,3.605551275463989,0.5880026035475675
1780399053.4950798,0,3.605551275463989,0.5880026035475675
1780399053.595194,0,3.605551275463989,0.5880026035475675
1780399053.6956542,0,3.605551275463989,0.5880026035475675
1780399053.7950761,0,3.605551275463989,0.5880026035475675
1780399053.8950505,0,3.605551275463989,0.5880026035475675
1780399053.9950495,0,3.605551275463989,0.5880026035475675
1780399054.095084,0,3.605551275463989,0.5880026035475675
1780399054.1950467,0,3.605551275463989,0.5880026035475675
1780399054.2950535,0,3.605551275463989,0.5880026035475675
1780399054.395057,0,3.605551275463989,0.5880026035475675
1780399054.4951372,0,3.605551275463989,0.5880026035475675
1780399054.5954936,0,3.605551275463989,0.5880026035475675
1780399054.6951036,0,3.605551275463989,0.5880026035475675
1780399054.7951183,0,3.605551275463989,0.5880026035475675
1780399054.8951147,0,3.605551275463989,0.5880026035475675
1780399054.9950762,0,3.605551275463989,0.5880026035475675
1780399055.0950406,0,3.605551275463989,0.5880026035475675
1780399055.1950812,0,3.605551275463989,0.5880026035475675
1780399055.2950454,0,3.605551275463989,0.5880026035475675
1780399055.3951285,0,3.605551275463989,0.5880026035475675
1780399055.495075,0,3.605551275463989,0.5880026035475675
1780399055.5950422,0,3.605551275463989,0.5880026035475675
1780399055.6950517,0,3.605551275463989,0.5880026035475675
1780399055.795224,0,3.605551275463989,0.5880026035475675
1780399055.8950605,0,3.605551275463989,0.5880026035475675
1780399055.9950464,0,3.605551275463989,0.5880026035475675
1780399056.095033,0,3.605551275463989,0.5880026035475675
1780399056.1950536,0,3.605551275463989,0.5880026035475675
1780399056.2952352,0,3.605551275463989,0.5880026035475675
1780399056.3950355,0,3.605551275463989,0.5880026035475675
1780399056.4949884,0,3.605551275463989,0.5880026035475675
1780399056.5951827,0,3.605551275463989,0.5880026035475675
1780399056.6950788,0,3.605551275463989,0.5880026035475675
1780399056.7950544,0,3.605551275463989,0.5880026035475675
1780399056.8951163,0,3.605551275463989,0.5880026035475675
1780399056.995092,0,3.605551275463989,0.5880026035475675
1780399057.095127,0,3.605551275463989,0.5880026035475675
1780399057.195106,0,3.605551275463989,0.5880026035475675
1780399057.2950273,0,3.605551275463989,0.5880026035475675
1780399057.3950365,0,3.605551275463989,0.5880026035475675
1780399057.4951358,0,3.605551275463989,0.5880026035475675
1780399057.5950687,0,3.605551275463989,0.5880026035475675
1780399057.6950371,0,3.605551275463989,0.5880026035475675
1780399057.7951856,0,3.605551275463989,0.5880026035475675
1780399057.895045,0,3.605551275463989,0.5880026035475675
1780399057.9951108,0,3.605551275463989,0.5880026035475675
1780399058.0949998,0,3.605551275463989,0.5880026035475675
1780399058.195097,0,3.605551275463989,0.5880026035475675
1780399058.2950673,0,3.605551275463989,0.5880026035475675
1780399058.395117,0,3.605551275463989,0.5880026035475675
1780399058.4953272,0,3.605551275463989,0.5880026035475675
1780399058.595038,0,3.605551275463989,0.5880026035475675
1780399058.695079,0,3.605551275463989,0.5880026035475675
1780399058.7951145,0,3.605551275463989,0.5880026035475675
1780399058.8952932,0,3.605551275463989,0.5880026035475675
1780399058.9951336,0,3.605551275463989,0.5880026035475675
1780399059.0950122,0,3.605551275463989,0.5880026035475675
1780399059.195023,0,3.605551275463989,0.5880026035475675
1780399059.2950664,0,3.605551275463989,0.5880026035475675
1780399059.3950613,0,3.605551275463989,0.5880026035475675
1780399059.495029,0,3.605551275463989,0.5880026035475675
1780399059.595164,0,3.605551275463989,0.5880026035475675
1780399059.6952055,0,3.605551275463989,0.5880026035475675
1780399059.7950666,0,3.605551275463989,0.5880026035475675
1780399059.8950078,0,3.605551275463989,0.5880026035475675
1780399059.9950511,0,3.605551275463989,0.5880026035475675
1780399060.0951116,0,3.605551275463989,0.5880026035475675
1780399060.1951137,0,3.605551275463989,0.5880026035475675
1780399060.2951286,0,3.605551275463989,0.5880026035475675
1780399060.3956892,0,3.605551275463989,0.5880026035475675
1780399060.4950974,0,3.605551275463989,0.5880026035475675
1780399060.5950708,0,3.605551275463989,0.5880026035475675
1780399060.6950855,0,3.605551275463989,0.5880026035475675
1780399060.7950928,0,3.605551275463989,0.5880026035475675
1780399060.8950531,0,3.605551275463989,0.5880026035475675
1780399060.995262,0,3.605551275463989,0.5880026035475675
1780399061.0950525,0,3.605551275463989,0.5880026035475675
1780399061.1950824,0,3.605551275463989,0.5880026035475675
1780399061.2951205,0,3.605551275463989,0.5880026035475675
1780399061.3950045,0,3.605551275463989,0.5880026035475675
1780399061.49507,0,3.605551275463989,0.5880026035475675
1780399061.5950487,0,3.605551275463989,0.5880026035475675
1780399061.6950402,0,3.605551275463989,0.5880026035475675
1780399061.7951043,0,3.605551275463989,0.5880026035475675
1780399061.8950152,0,3.605551275463989,0.5880026035475675
1780399061.9951205,0,3.605551275463989,0.5880026035475675
1780399062.095015,0,3.605551275463989,0.5880026035475675
1780399062.1950552,0,3.605551275463989,0.5880026035475675
1780399062.2950363,0,3.605551275463989,0.5880026035475675
1780399062.3950882,0,3.605551275463989,0.5880026035475675
1780399062.4950562,0,3.605551275463989,0.5880026035475675
1780399062.5950487,0,3.605551275463989,0.5880026035475675
1780399062.6950843,0,3.605551275463989,0.5880026035475675
1780399062.795055,0,3.605551275463989,0.5880026035475675
1780399062.896404,0,3.605551275463989,0.5880026035475675
1780399062.9950519,0,3.605551275463989,0.5880026035475675
1780399063.0950167,0,3.605551275463989,0.5880026035475675
1780399063.1950815,0,3.605551275463989,0.5880026035475675
1780399063.2950292,0,3.605551275463989,0.5880026035475675
1780399063.395109,0,3.605551275463989,0.5880026035475675
1780399063.4950194,0,3.605551275463989,0.5880026035475675
1780399063.5950437,0,3.605551275463989,0.5880026035475675
1780399063.6951573,0,3.605551275463989,0.5880026035475675
1780399063.7950432,0,3.605551275463989,0.5880026035475675
1780399063.895034,0,3.605551275463989,0.5880026035475675
1780399063.9949708,0,3.605551275463989,0.5880026035475675
1780399064.0950594,0,3.605551275463989,0.5880026035475675
1780399064.1950743,0,3.605551275463989,0.5880026035475675
1780399064.2950127,0,3.605551275463989,0.5880026035475675
1780399064.3951657,0,3.605551275463989,0.5880026035475675
1780399064.4950812,0,3.605551275463989,0.5880026035475675
1780399064.5950298,0,3.605551275463989,0.5880026035475675
1780399064.6950955,0,3.605551275463989,0.5880026035475675
1780399064.7950077,0,3.605551275463989,0.5880026035475675
1780399064.8950732,0,3.605551275463989,0.5880026035475675
1780399064.9950812,0,3.605551275463989,0.5880026035475675
1780399065.0950952,0,3.605551275463989,0.5880026035475675
1780399065.1950283,0,3.605551275463989,0.5880026035475675
1780399065.2951367,0,3.605551275463989,0.5880026035475675
1780399065.3950486,0,3.605551275463989,0.5880026035475675
1780399065.4951084,0,3.605551275463989,0.5880026035475675
1780399065.5950866,0,3.605551275463989,0.5880026035475675
1780399065.6950133,0,3.605551275463989,0.5880026035475675
1780399065.7950091,0,3.605551275463989,0.5880026035475675
1780399065.8955607,0,3.605551275463989,0.5880026035475675
1780399065.99509,0,3.605551275463989,0.5880026035475675
1780399066.0958087,0,3.605551275463989,0.5880026035475675
1780399066.1950572,0,3.605551275463989,0.5880026035475675
1780399066.295108,0,3.605551275463989,0.5880026035475675
1780399066.3950338,0,3.605551275463989,0.5880026035475675
1780399066.4950633,0,3.605551275463989,0.5880026035475675
1780399066.5950425,0,3.605551275463989,0.5880026035475675
1780399066.6950822,0,3.605551275463989,0.5880026035475675
1780399066.7950163,0,3.605551275463989,0.5880026035475675
1780399066.8950381,0,3.605551275463989,0.5880026035475675
1780399066.9950273,0,3.605551275463989,0.5880026035475675
1780399067.0950198,0,3.605551275463989,0.5880026035475675
1780399067.195054,0,3.605551275463989,0.5880026035475675
1780399067.2951262,0,3.605551275463989,0.5880026035475675
1780399067.395051,0,3.605551275463989,0.5880026035475675
1780399067.4950736,0,3.605551275463989,0.5880026035475675
1780399067.5950952,0,3.605551275463989,0.5880026035475675
1780399067.6951644,0,3.605551275463989,0.5880026035475675
1780399067.7951183,0,3.605551275463989,0.5880026035475675
1780399067.8950236,0,3.605551275463989,0.5880026035475675
1780399067.9950566,0,3.605551275463989,0.5880026035475675
1780399068.0950506,0,3.605551275463989,0.5880026035475675
1780399068.1950364,0,3.605551275463989,0.5880026035475675
1780399068.2950337,0,3.605551275463989,0.5880026035475675
1780399068.3950489,0,3.605551275463989,0.5880026035475675
1780399068.4950538,0,3.605551275463989,0.5880026035475675
1780399068.5951207,0,3.605551275463989,0.5880026035475675
1780399068.6950128,0,3.605551275463989,0.5880026035475675
1780399068.7959018,0,3.605551275463989,0.5880026035475675
1780399068.8950253,0,3.605551275463989,0.5880026035475675
1780399068.9950192,0,3.605551275463989,0.5880026035475675
1780399069.09509,0,3.605551275463989,0.5880026035475675
1780399069.195192,0,3.605551275463989,0.5880026035475675
1780399069.295062,0,3.605551275463989,0.5880026035475675
1780399069.3950703,0,3.605551275463989,0.5880026035475675
1780399069.4953902,0,3.605551275463989,0.5880026035475675
1780399069.5953212,0,3.605551275463989,0.5880026035475675
1780399069.6950676,0,3.605551275463989,0.5880026035475675
1780399069.7960033,0,3.605551275463989,0.5880026035475675
1780399069.8951206,0,3.605551275463989,0.5880026035475675
1780399069.9950175,0,3.605551275463989,0.5880026035475675
1780399070.0951095,0,3.605551275463989,0.5880026035475675
1780399070.1950402,0,3.605551275463989,0.5880026035475675
1780399070.2950585,0,3.605551275463989,0.5880026035475675
1780399070.3952866,0,3.605551275463989,0.5880026035475675
1780399070.4951181,0,3.605551275463989,0.5880026035475675
1780399070.5950668,0,3.605551275463989,0.5880026035475675
1780399070.6950836,0,3.605551275463989,0.5880026035475675
1780399070.795624,0,3.605551275463989,0.5880026035475675
1780399070.8962276,0,3.605551275463989,0.5880026035475675
1780399070.9950986,0,3.605551275463989,0.5880026035475675
1780399071.0951111,0,3.605551275463989,0.5880026035475675
1780399071.1958048,0,3.605551275463989,0.5880026035475675
1780399071.2950718,0,3.605551275463989,0.5880026035475675
1780399071.3961387,0,3.605551275463989,0.5880026035475675
1780399071.4951506,0,3.605551275463989,0.5880026035475675
1780399071.5951052,0,3.605551275463989,0.5880026035475675
1780399071.6950204,0,3.605551275463989,0.5880026035475675
1780399071.7950687,0,3.605551275463989,0.5880026035475675
1780399071.8950276,0,3.605551275463989,0.5880026035475675
1780399071.9951108,0,3.605551275463989,0.5880026035475675
1780399072.0950546,0,3.605551275463989,0.5880026035475675
1780399072.195317,0,3.605551275463989,0.5880026035475675
1780399072.2950425,0,3.605551275463989,0.5880026035475675
1780399072.3951285,0,3.605551275463989,0.5880026035475675
1780399072.4950752,0,3.605551275463989,0.5880026035475675
1780399072.59507,0,3.605551275463989,0.5880026035475675
1780399072.6949742,0,3.605551275463989,0.5880026035475675
1780399072.7950695,0,3.605551275463989,0.5880026035475675
1780399072.8949928,0,3.605551275463989,0.5880026035475675
1780399072.995048,0,3.605551275463989,0.5880026035475675
1780399073.0950668,0,3.605551275463989,0.5880026035475675
1780399073.1950202,0,3.605551275463989,0.5880026035475675
1780399073.2961783,0,3.605551275463989,0.5880026035475675
1780399073.3952544,0,3.605551275463989,0.5880026035475675
1780399073.4950511,0,3.605551275463989,0.5880026035475675
1780399073.5950344,0,3.605551275463989,0.5880026035475675
1780399073.6949992,0,3.605551275463989,0.5880026035475675
1780399073.7951417,0,3.605551275463989,0.5880026035475675
1780399073.8950517,0,3.605551275463989,0.5880026035475675
1780399073.9950168,0,3.605551275463989,0.5880026035475675
1780399074.095034,0,3.605551275463989,0.5880026035475675
1780399074.195053,0,3.605551275463989,0.5880026035475675
1780399074.2951128,0,3.605551275463989,0.5880026035475675
1780399074.3950317,0,3.605551275463989,0.5880026035475675
1780399074.49505,0,3.605551275463989,0.5880026035475675
1780399074.5950115,0,3.605551275463989,0.5880026035475675
1780399074.695046,0,3.605551275463989,0.5880026035475675
1780399074.7950869,0,3.605551275463989,0.5880026035475675
1780399074.8950727,0,3.605551275463989,0.5880026035475675
1780399074.9950333,0,3.605551275463989,0.5880026035475675
1780399075.0950181,0,3.605551275463989,0.5880026035475675
1780399075.1950712,0,3.605551275463989,0.5880026035475675
1780399075.2950616,0,3.605551275463989,0.5880026035475675
1780399075.395072,0,3.605551275463989,0.5880026035475675
1780399075.4950216,0,3.605551275463989,0.5880026035475675
1780399075.5951335,0,3.605551275463989,0.5880026035475675
1780399075.6950507,0,3.605551275463989,0.5880026035475675
1780399075.7950997,0,3.605551275463989,0.5880026035475675
1780399075.896366,0,3.605551275463989,0.5880026035475675
1780399075.9950745,0,3.605551275463989,0.5880026035475675
1780399076.095026,0,3.605551275463989,0.5880026035475675
1780399076.195088,0,3.605551275463989,0.5880026035475675
1780399076.2950585,0,3.605551275463989,0.5880026035475675
1780399076.3961294,0,3.605551275463989,0.5880026035475675
1780399076.4951332,0,3.605551275463989,0.5880026035475675
1780399076.5950253,0,3.605551275463989,0.5880026035475675
1780399076.6951127,0,3.605551275463989,0.5880026035475675
1780399076.7950485,0,3.605551275463989,0.5880026035475675
1780399076.8950639,0,3.605551275463989,0.5880026035475675
1780399076.9950604,0,3.605551275463989,0.5880026035475675
1780399077.0950375,0,3.605551275463989,0.5880026035475675
1780399077.1950123,0,3.605551275463989,0.5880026035475675
1780399077.2950695,0,3.605551275463989,0.5880026035475675
1780399077.3964338,0,3.605551275463989,0.5880026035475675
1780399077.4951274,0,3.605551275463989,0.5880026035475675
1780399077.5950823,0,3.605551275463989,0.5880026035475675
1780399077.6952572,0,3.605551275463989,0.5880026035475675
1780399077.7950666,0,3.605551275463989,0.5880026035475675
1780399077.8956857,0,3.605551275463989,0.5880026035475675
1780399077.995099,0,3.605551275463989,0.5880026035475675
1780399078.095758,0,3.605551275463989,0.5880026035475675
1780399078.1951494,0,3.605551275463989,0.5880026035475675
1780399078.295003,0,3.605551275463989,0.5880026035475675
1780399078.3950996,0,3.563249986574231,0.5660395954614148
1780399078.495024,0,3.5203996558483874,0.5450123398484181
1780399078.595021,0,3.477041263083535,0.5248789903270045
1780399078.6951294,0,3.4332127250249362,0.505599815973478
1780399078.7954004,0,3.388949115860999,0.4871370773450793
1780399078.8950994,0,3.3442828738836012,0.4694549119824992
1780399078.9950557,0,3.299243994785489,0.4525192284982972
1780399079.0950308,0,3.253860212136433,0.43629760846113425
1780399079.195132,0,3.2081571656260293,0.4207592153763633
1780399079.295015,0,3.1621585576884073,0.4058747101430772
1780399079.394996,0,3.1158862991367107,0.39161617243774904
1780399079.4950697,0,3.0693606444364496,0.3779570275363895
1780399079.5951457,0,3.022600317239198,0.36487197814186334
1780399079.6950674,0,2.9756226267839803,0.35233694083162614
1780399079.7950418,0,2.9284435757546436,0.3403289867845467
1780399079.8950436,0,2.8810779601590957,0.3288262864844132
1780399079.9950025,0,2.8335394617714433,0.3178080581328816
1780399080.0951364,0,2.7858407336519075,0.3072545195366007
1780399080.195061,0,2.737993479232394,0.2971468432626042
1780399080.2950497,0,2.6900085254284702,0.28746711488328064
1780399080.3951194,0,2.6418958902116034,0.27819829415782416
1780399080.4950216,0,2.59366484504916,0.26932417902144973
1780399080.5950682,0,2.545323972594143,0.2608293722773146
1780399080.6950853,0,2.4968812199820802,0.25269925090945417
1780399080.7950525,0,2.448343948069045,0.24491993795860434
1780399080.8950243,0,2.3997189769225526,0.23747827692706602
1780399080.9950259,0,2.351012627856097,0.2303618087043391
1780399081.0951312,0,2.302230762278405,0.2235587510327689
1780399081.1950982,0,2.253378817610122,0.21705798056268777
1780399081.295292,0,2.204461840503601,0.21084901758039032
1780399081.39503,0,2.155484517585748,0.20492201353087758
1780399081.4950893,0,2.106451203929499,0.19926774150198845
1780399081.5951245,0,2.057365949446478,0.19387758988899306
1780399081.69505,0,2.0082325233817198,0.1887435595210748
1780399081.795112,0,1.9590544370810554,0.18385826460603538
1780399081.8950274,0,1.9098349651930124,0.1792149379404694
1780399081.9951296,0,1.8605771654597758,0.17480744094393807
1780399082.0950267,0,1.8112838972462555,0.17063027921305574
1780399082.195091,0,1.761957838952601,0.16667862446232495
1780399082.295027,0,1.7126015044539886,0.16294834393282875
1780399082.3950472,0,1.6632172587124887,0.15943603862049238
1780399082.495111,0,1.6138073327098243,0.1561390920199478
1780399082.595101,0,1.5643738378575536,0.15305573152145346
1780399082.6954906,0,1.5149187800535835,0.15018510516861616
1780399082.7950737,0,1.4654440735722971,0.14752737722742015
1780399082.8950133,0,1.4159515550017387,0.14508384699253762
1780399082.9951298,0,1.366442997477817,0.14285709654937573
1780399083.0951104,0,1.3169201255159422,0.14085117493877763
1780399083.1950452,0,1.2673846308099934,0.13907182850579292
1780399083.2950938,0,1.2178381894643637,0.13752679040024351
1780399083.395068,0,1.1682824812577375,0.13622614659499543
1780399083.4951096,0,1.1187192117229476,0.1351828019324437
1780399083.5950232,0,1.069150138089359,0.1344130784064883
1780399083.6950872,0,1.0195771005085763,0.13393749037008018
1780399083.7950902,0,0.9700020605264079,0.13378175954998595
1780399083.8950627,0,0.9204271495614392,0.1339781597035854
1780399083.9950767,0,0.8708547313441368,0.13456732141486616
1780399084.0963948,0,0.8212874840919328,0.13560069009826192
1780399084.1950164,0,0.7717285110363168,0.13714392868829506
1780399084.295073,0,0.7221814924556575,0.1392817150512371
1780399084.395054,0,0.6726508998141558,0.1421246465921212
1780399084.495088,0,0.6231423052036011,0.14581941219567462
1780399084.595077,0,0.573662841334475,0.1505641816875639
1780399084.6950727,0,0.5242219074598709,0.15663261228630965
1780399084.795424,0,0.4748322930379774,0.1644126507979169
1780399084.895053,0,0.42551204426924644,0.1744719216054993
1780399084.9950368,0,0.3762877258548049,0.18767352468120946
1780399085.095064,0,0.3272004820901557,0.2053937978711975
1780399085.195108,0,0.2783181911680709,0.22996328191399074
1780399085.2951226,0,0.22976232021427148,0.2656468992830605
1780399085.3954265,0,0.18177532973609697,0.32110079066085184
1780399085.4950557,0,0.13497829325792027,0.42028839890110437
1780399085.5952122,0,0.09292923989026874,0.7040533353461093
1780399085.6950192,0,0.06558551389612846,1.2873215052483973
1780399085.795062,0,0.07222066244538808,2.063226099471055
1780399085.895095,0,0.10663380034006281,2.517769317704615
1780399085.9950862,0,0.1508350362251304,2.739489185566492
1780399086.095064,0,0.19833335251813253,2.8660007715747975
1780399086.1952162,0,0.24718287259166263,2.949418055691809
1780399086.295124,0,0.29666560928587205,3.010268014050199
1780399086.3950465,0,0.3464610349515686,3.0578756028798564
1780399086.495093,0,0.396404209566261,3.0970190850468793
1780399086.5949914,0,0.4464006745403973,3.1303870745006037
1780399086.6950676,0,0.4963916526414404,-3.123577712773843
1780399086.7950244,0,0.5463380641188571,-3.097458894682721
1780399086.895046,0,0.5962124777664299,-3.073736414860784
1780399086.995037,0,0.6459947415221584,-3.0519143711274013
1780399087.0949886,0,0.6956694552031074,-3.031631303072129
1780399087.195143,0,0.7452244253939596,-3.012615118614002
1780399087.2950833,0,0.7946496720862286,-2.9946548867036946
1780399087.3950882,0,0.8439367590460636,-2.9775825442400303
1780399087.495019,0,0.8930783209637726,-2.9612606465174514
1780399087.595093,0,0.9420677134708313,-2.9455739168789297
1780399087.6950576,0,0.9908987411118979,-2.930423246426758
1780399087.7951126,0,1.039565434759429,-2.9157213055108873
1780399087.8951044,0,1.0880618594555493,-2.901389229365822
1780399087.9951224,0,1.1363819392136612,-2.8873540216645033
1780399088.0950792,0,1.1845192884874092,-2.873546431099602
1780399088.1961129,0,1.2324670416702461,-2.8598991247608265
1780399088.2950234,0,1.28021767257744,-2.84634502357117
1780399088.3950758,0,1.3277627955974343,-2.832815688187445
1780399088.4950144,0,1.3750929391333149,-2.8192396533682405
1780399088.595054,0,1.4221972800095402,-2.805540607077591
1780399088.6952143,0,1.4690633244833815,-2.791635297824012
1780399088.7950532,0,1.5156765170016706,-2.77743102854837
1780399088.8950493,0,1.5620197512842786,-2.762822554623693
1780399088.9950523,0,1.6080727487704465,-2.7476881420052703
1780399089.0953748,0,1.653811255515319,-2.7318844516291145
1780399089.195282,0,1.6992059881217982,-2.7152397877377017
1780399089.2950742,0,1.7442212290341268,-2.6975450701358716
1780399089.3954637,0,1.7888129269257866,-2.6785416591163003
1780399089.4961462,0,1.8329260930703528,-2.657904901869673
1780399089.5950973,0,1.8764911938850557,-2.6352220996601368
1780399089.6950214,0,1.9194191249988448,-2.6099638995192596
1780399089.795064,0,1.961594244733557,-2.581449946216212
1780399089.8950663,0,2.002864966568996,-2.548815498650248
1780399089.995044,0,2.04303189987717,-2.511000293000285
1780399090.0950973,0,2.0818351675596576,-2.4668079305618376
1780399090.195046,0,2.118945919854103,-2.415107696638711
1780399090.295087,0,2.154286079325068,-2.3640086143246575
1780399090.395015,0,2.193984285907624,-2.495057487960646
1780399090.49511,0,2.2371519802709545,-2.6183416687100753
1780399090.5950174,0,2.282972561419132,-2.734222174118017
1780399090.6951199,0,2.330714162732508,-2.843094086186744
1780399090.7951481,0,2.379734258433145,-2.945368064000983
1780399090.895152,0,2.4294785344819676,-3.041455971927116
1780399090.995046,0,2.479476067954192,-3.1317604420760934
1780399091.095142,0,2.529332390979147,3.066517488431427
1780399091.1950293,0,2.5787215734323263,2.9866415005161033
1780399091.2950397,0,2.62737809036027,2.911454144152182
1780399091.3950155,0,2.6750889573640833,2.8406364456506945
1780399091.4951098,0,2.7216864128707883,2.7738930399360915
1780399091.5950794,0,2.7670412859741704,2.710951337825274
1780399091.6950202,0,2.8110570968390336,2.651560295273389
1780399091.795199,0,2.853664879890768,2.595488969212984
1780399091.895128,0,2.89481868730579,2.5425249868832545
1780399091.995012,0,2.934491713585179,2.4924730127377868
1780399092.0950713,0,2.972672975464547,2.44515326616224
1780399092.1951203,0,3.0093644811168794,2.400400121538214
1780399092.2952604,0,3.0445788258894413,2.3580608073001863
1780399092.3951108,0,3.0783371569596203,2.3179942106776883
1780399092.495092,0,3.1106674552147613,2.28006978836694
1780399092.5950546,0,3.141603088702241,2.2441665793755154
1780399092.6950238,0,3.1711815977822293,2.210172313960628
1780399092.795059,0,3.1994436774499118,2.1779826113865877
1780399092.8950086,0,3.22643232709086,2.1475002587728227
1780399092.9950938,0,3.252192142174189,2.1186345633216437
1780399093.0950408,0,3.2767687260932132,2.0913007705202595
1780399093.1955116,0,3.3002082035726183,2.065419541379942
1780399093.2950094,0,3.3225568198239297,2.040916482323939
1780399093.3950477,0,3.3438606119987644,2.0177217219110437
1780399093.49511,0,3.364165141511905,1.9957695291498956
1780399093.5950792,0,3.383515277529777,1.9749979686997357
1780399093.6950827,0,3.401955023386212,1.9553485887552284
1780399093.7951057,0,3.4195273789332203,1.936766137870599
1780399093.8952534,0,3.436274232892052,1.9191983073902348
1780399093.9950607,0,3.452236280166876,1.902595496519611
1780399094.0952246,0,3.467452959843853,1.8869105973941513
1780399094.1950786,0,3.4819624102425277,1.8720987977870296
1780399094.2951238,0,3.495801437931688,1.8581173993430022
1780399094.395042,0,3.509005498082856,1.844925649437128
1780399094.4953377,0,3.5216086839236858,1.8324845849372782
1780399094.595058,0,3.533643723381353,1.8207568863002574
1780399094.6950767,0,3.545141981281204,1.809706740554816
1780399094.7950423,0,3.556133465695872,1.799299711822595
1780399094.8950574,0,3.5666468372308873,1.789502618100677
1780399094.9960196,0,3.576709420189433,1.780283413077477
1780399095.0950766,0,3.586347214685517,1.7716110717764382
1780399095.1950402,0,3.595584908874498,1.7634554788183845
1780399095.2950792,0,3.604445890545171,1.7557873180608716
1780399095.3952456,0,3.6129522573700186,1.7485779623081532
1780399095.4950905,0,3.6211248251408388,1.7417993616832108
1780399095.5950859,0,3.6289831333257854,1.7354239291068527
1780399095.6951115,0,3.6365454472703562,1.7294244211284084
1780399095.7950723,0,3.643828756327347,1.7237738120852386
1780399095.895255,0,3.650848767136532,1.7184451592166026
1780399095.9951625,0,3.6576198911797024,1.7134114558977842
1780399096.0950296,0,3.664155225604691,1.7086454695607447
1780399096.1950989,0,3.6704665261349123,1.7041195600842283
1780399096.2951028,0,3.676564170647217,1.699805473409123
1780399096.3950772,0,3.6824571116948106,1.6956741037805143
1780399096.4951646,0,3.6881528158518413,1.6916952162196903
1780399096.595021,0,3.693657187231967,1.6878371184219851
1780399096.6950204,0,3.69897447184271,1.684066268023546
1780399096.7950203,0,3.70410713852143,1.680346796738994
1780399096.8951066,0,3.709055730972717,1.6766399267394974
1780399096.9950764,0,3.713818683768829,1.6729032460672952
1780399097.095291,0,3.718392092905505,1.6690897977347374
1780399097.1951334,0,3.7227694283591344,1.665146919690926
1780399097.2950733,0,3.726941171665656,1.6610147473319081
1780399097.395228,0,3.7308943552181977,1.6566242523391388
1780399097.4950483,0,3.7346119707896293,1.6518946343011862
1780399097.5950105,0,3.7380722011772103,1.6467297931043117
1780399097.695171,0,3.7412474083065725,1.641013470641302
1780399097.7950647,0,3.744102779393855,1.6346024256525098
1780399097.895018,0,3.7465944826375095,1.6273166347886683
1780399097.9951332,0,3.748667102851839,1.6189248871136837
1780399098.0950873,0,3.7502499933289113,1.6091230601792628
1780399098.195133,0,3.751251953953179,1.5975004784811109
1780399098.2962737,0,3.7515532606544633,1.583486465883035
1780399098.3950355,0,3.7509934301577394,1.566263766838082
1780399098.495072,0,3.764862293781232,1.858245231068489
1780399098.5950751,0,3.790923794361439,2.1247256830064556
1780399098.695068,0,3.8264029067343577,2.364315910693428
1780399098.795109,0,3.86862231542549,2.5796899627618997
1780399098.8950965,0,3.9152658000663854,2.775402309635702
1780399098.9950404,0,3.9643916465145024,2.9555044789215037
1780399099.095015,0,4.014382864060675,3.1229665140643026
1780399099.195055,0,4.063899506776476,-3.0032885201946264
1780399099.2950659,0,4.111840635050929,-2.8553551130383465
1780399099.3953865,0,4.157312981840026,-2.7152558025830897
1780399099.4950337,0,4.199603839182395,-2.582075162986118
1780399099.595209,0,4.238156953761768,-2.4550687767584343
1780399099.6950552,0,4.2725509299187925,-2.3336154656062384
1780399099.7950153,0,4.302479925499163,-2.217186303289517
1780399099.8950915,0,4.327736508904098,-2.1053236933340616
1780399099.994977,0,4.3481965500647775,-1.9976266712053905
1780399100.095062,0,4.363806001353506,-1.8937401928776365
1780399100.1950817,0,4.374569409104412,-1.7933470707457764
1780399100.295049,0,4.38053998897586,-1.6961617314467654
1780399100.395103,0,4.381811098996932,-1.6019252704327538
1780399100.4951007,0,4.378508950888198,-1.5104014582612668
1780399100.5951047,0,4.370786410941118,-1.4213734646098357
1780399100.69501,0,4.358817754541722,-1.3346411364580035
1780399100.7950463,0,4.34279425198525,-1.2500187128825517
1780399100.8950427,0,4.3229204766477904,-1.167332889856914
1780399100.995062,0,4.299411239302702,-1.0864211698802733
1780399101.0950906,0,4.272489064085553,-1.0071304465392632
1780399101.195033,0,4.242382132178919,-0.92931578529808
1780399101.2950375,0,4.209322628670865,-0.8528393702313843
1780399101.3953452,0,4.186139196376268,-1.0939489920226373
1780399101.4950688,0,4.1735570691360735,-1.3222122902150921
1780399101.5950541,0,4.1716205546287775,-1.5380440666956061
1780399101.6950746,0,4.179846408174041,-1.7419672417616419
1780399101.7950842,0,4.197375220921048,-1.9345666247243753
1780399101.8950787,0,4.2231066525205145,-2.1164542962254465
1780399101.9951818,0,4.255811929474249,-2.2882477623471895
1780399102.0950527,0,4.294221944060696,-2.4505571316577406
1780399102.1951015,0,4.3370922251430075,-2.6039773710113936
1780399102.2950616,0,4.3832476586150415,-2.7490831207883093
1780399102.3950279,0,4.431610538181419,-2.886424881529785
1780399102.4950933,0,4.481215617943547,-3.016526161347738
1780399102.5950696,0,4.531215543924974,-3.1398814922530707
1780399102.6951177,0,4.580879544217461,3.026230017403013
1780399102.7957616,0,4.629587692094946,2.9150038082642764
1780399102.8950958,0,4.67682251151371,2.8092213841897373
1780399102.9952683,0,4.722159217950009,2.708508204966
1780399103.095059,0,4.770963758095868,2.923622343615998
1780399103.1951077,0,4.820956635684635,3.124801331028836
1780399103.2954986,0,4.870215829847479,-2.9701218436400905
1780399103.3950093,0,4.917191321876882,-2.793738412421202
1780399103.4950647,0,4.960684742748302,-2.6282232784162955
1780399103.5950885,0,4.999810892073282,-2.4726234326133905
1780399103.695067,0,5.033952345763822,-2.326058799484225
1780399103.7951024,0,5.062713895845683,-2.1877279033909907
1780399103.8950303,0,5.085880424087919,-2.056907256932614
1780399103.9951184,0,5.103379808416797,-1.9329471341178597
1780399104.0950224,0,5.115251284196427,-1.8152655330309355
1780399104.1950264,0,5.121619048599698,-1.7033414688517685
1780399104.295052,0,5.122670595474354,-1.5967082722680064
1780399104.3950326,0,5.134231180491272,-1.8088592985078664
1780399104.4949937,0,5.155268743391922,-2.0094733941950063
1780399104.5950463,0,5.184494440747693,-2.198995302327845
1780399104.6950514,0,5.220494348959356,-2.377925080717012
1780399104.7949655,0,5.261832402640998,-2.5467999391294063
1780399104.8950336,0,5.307124878581822,-2.706176949228027
1780399104.9950109,0,5.355089702095682,-2.8566180080720063
1780399105.0952942,0,5.404575218033202,-2.998677664788661
1780399105.195058,0,5.454573308835692,-3.132893897621579
1780399105.2950919,0,5.504221313161839,3.023403696643779
1780399105.39506,0,5.55279645677281,2.903356851860412
1780399105.4950423,0,5.602755128150006,3.101112759941972
1780399105.5951061,0,5.652224149120017,-2.996371054586073
1780399105.6950247,0,5.699668460677879,-2.821871713753697
1780399105.795034,0,5.743881412538316,-2.6577378028214724
1780399105.8950703,0,5.783955937013785,-2.503169088556249
1780399105.9950542,0,5.819246584675775,-2.357414385680329
1780399106.0950437,0,5.849329001716731,-2.219777765359313
1780399106.1950474,0,5.87396080464621,-2.0896203084929432
1780399106.2953067,0,5.87396080464621,-2.0896203084929432
1780399106.3951857,0,5.87396080464621,-2.0896203084929432
1780399106.495258,0,5.87396080464621,-2.0896203084929432
1780399106.5951574,0,5.87396080464621,-2.0896203084929432
1780399106.6951787,0,5.87396080464621,-2.0896203084929432
1780399106.7952182,0,5.87396080464621,-2.0896203084929432
1780399106.8953087,0,5.87396080464621,-2.0896203084929432
1780399106.9954212,0,5.87396080464621,-2.0896203084929432
1780399107.095197,0,5.87396080464621,-2.0896203084929432
1780399107.1953056,0,5.87396080464621,-2.0896203084929432
1780399107.295297,0,5.87396080464621,-2.0896203084929432
1780399107.3951797,0,5.87396080464621,-2.0896203084929432
1780399107.4953241,0,5.87396080464621,-2.0896203084929432
1780399107.5952199,0,5.87396080464621,-2.0896203084929432
1780399107.6951246,0,5.87396080464621,-2.0896203084929432
1780399107.7951467,0,5.87396080464621,-2.0896203084929432
1780399107.8953462,0,5.87396080464621,-2.0896203084929432
1780399107.995286,0,5.87396080464621,-2.0896203084929432
1780399108.095238,0,5.87396080464621,-2.0896203084929432
1780399108.1953208,0,5.87396080464621,-2.0896203084929432
1780399108.295174,0,5.87396080464621,-2.0896203084929432
